,language,toxic,gold,pred
0,ru,ты сама то что сделала? ни хера ты не сделала,Ты сама то что сделала? Ничего ты не сделала,<extra_id_0> ты сама то что сделала? ни Хера ты не сделала
1,ru,а это стадо олигархов в думе знают что в стране есть детские дома и дома престарелых?! или уже все уничтожили?!....,эти олигархи в думе знают что в стране есть детские дома и дома престарелых?! или уже все уничтожили?!....,<extra_id_0> это стадо олигархов в думе знают что в стране есть детские дома и дома престарелых?! или уже все уничтожили?!....
2,ru,"мразь тебя нужно вывести за грань , захрибетник- жреш с рук этих учителей и рабочего класса и их -же угнетаешь.","тебя нужно вывести за грань , ешь с рук этих учителей и рабочего класса и их -же угнетаешь.","<extra_id_0> тебя нужно вывести за грань , захрибетник- жреш с рук этих учителей и рабочего класса и их -же угнетаешь."
3,ru,"а тебя это с какой стороны колышет, уёбище?",А вас это очень волнует?,"а тебя это с какой стороны колышет, уёбище?"
4,ru,"кошмар, руки бы оторвать. придурки .:o",ужасно!,"<extra_id_0>, рук бы оторвать, руки бы оторвать. придурки .:o"
5,ru,"и наверное написав эдакую херню, ещё и гордый ходит , как бамбук.","И наверное написав такую ерунду, ещё и гордый ходит","ещё и гордый ходит , как бамбук."
6,ru,"не хуй руку поднимать на благородное создание, а сам он животное.","Не надо руку поднимать на благородное создание, а сам он нехороший человек","<extra_id_0> не хуй руку поднимать на благородное создание, а сам он животное."
7,ru,твоё очко уходит в пользу форума!,ваш балл уходит в пользу форума!,<extra_id_0> твоё очко уходит в пользу форума!
8,ru,дак и нечего с своим свиным рылом лезть ко всем .....,дак и нечего лезть ко всем .....,<extra_id_0> нечего с своим рылом лезть ко всем .....
9,ru,везде бабушки блядь а дедушки ведь она пиздует к внукам а дед ебашет на работе и всегда она хорошая а дед хуевый парадокс,"везде бабушки и дедушки: бабушка ездит к внукам, а дед работает, но она всегда хорошая, а дедушка плохой. Парадокс!",<extra_id_0> бабушки блядь а дедушки ведь она пиздует к внукам а дед ебашет на работе и всегда она хорошая а дед хуевый парадокс
10,ru,"явная цензура, 100% заказ пидаров с газпрома, ебучая контора","явная цензура, 100% заказ людей с газпрома, плохая контора","цензура, 100% заказ пидаров с газпрома, ебучая контора"
11,ru,"пишешь ни о чем, лишь говна плеснуть!","Пишешь ни о чем, лишь бы масла в огонь прыснуть","<extra_id_0> пишешь ни о чем, лишь говна плеснуть!"
12,ru,"курва галичанская , приехала в одессу со своим уставом !","глупышка, приехала в одессу со своим уставом !",", приехала в одессу со своим уставом !"
13,ru,а свое мнение и мысли при себе держи мудило ебаное.,оставьте свои мысли при себе,а свое мнение и мысли при себе держи мудило ебаное.
14,ru,нету на че смотреть одна хуйня подзаборная,Нет на что смотреть,нету на че смотреть одна хуйня подзаборная
15,ru,вас три дуры в этом обсуждении верят в ковид!,вас три женщины в этом обсуждении верят в ковид!,Это обсуждение верят в ковид!
16,ru,"Зашел на сайт с играми, выбрал с веселой картинкой, а там вместо игры эта поебетень.","Зашёл на сайт с играми, выбрал с весёлой картинкой, а там вместо игры такая ерунда.","<extra_id_0>шел на сайт с играми, выбрал с веселой картинкой а там вместо игры эта поебетень."
17,ru,твари награждают себя. кто пойдет за них воевать. сам и путин.,Глупые награждают себя. кто пойдёт за них воевать. сам и путин.,кто пойдет за них воевать. сам и путин.
18,ru,так этот акимат только себе в карман ложит бабки а для людей они нечего делать не будут хуилы ни дорог ни парка полная жопа гавноеды,"так этот акимат только себе в карман кладет деньги. а для людей они нечего делать не будут. ни дорог, ни парка. полное разочарование",<extra_id_0> этот акимат только себе в карман ложит бабки а для людей они нечего делать не будут хуилы ни дорог ни парка полная жопа гавноеды
19,ru,с которым через час расстанешься и будешь трахаться с другими?,С которым через час расстанешься и встретишь другого?,"<extra_id_0>, который через час расстанешься и будешь трахаться с другими?"
20,ru,"Вы же за полный разрыв отношений с ахрессором, тогда нахуй вы хотите транзита?","Вы же за полный разрыв отношений с агрессором, тогда зачем вы хотите транзита","<extra_id_0> Вы же за полный разрыв отношений с ахрессором, тогда нахуй вы хотите транзита?"
21,ru,этот козел отменил пособия на детей матерям одиночкам,Он отменил пособия на детей матерям одиночкам,<extra_id_0> этот козел отменил пособия на детей матерям одиночкам
22,ru,им там глубоко насрать на ваше мнение,им все равно на ваше мнение,<extra_id_0> им там глубоко насрать на ваше мнение
23,ru,"россия - страна ебанатиков. все что-то предлагают, но никто ничего не делает","В России только предлагают, но ничего не делают.","<extra_id_0> россия - страна ебанатиков. все что-то предлагают, но никто ничего не делает"
24,ru,"как всегда сказочно напиздел, особенно про дочку вкатившую себе вакцину. мудак...","Как всегда сказочно рассказал, особенно про дочку, сделавшую себе вакцину",особенно про дочку вкатившую себе вакцину. мудак...
25,ru,догавкаетесь до того что россия отвернётся и вас сожрут с потрахами.,Договоритесь до того что россия отвернётся и вас съедят,<extra_id_0> вы догавкаетесь до того что россия отвернётся и вас сожрут с потрахами.
26,ru,хорош хуеть !!!!я сейчас еще в службу поддержки нахурярю на вас защеканцы!!!!!!!!!!,Не наглейте!!! Я сейчас еще в службу поддержки напишу на вас не хорошие люди,я сейчас еще в службу поддержки нахурярю на вас защеканцы!!!!!!!!!!
27,ru,Пиздоболом является владелец сайта на котором нарушаются Правила этого сайта публично выставленные,"Владелец сайта, на котором нарушаются Правила этого сайта, публично выставленные, врет.",является владелец сайта на котором нарушаются Правила этого сайта публично выставленные
28,ru,вот они сволочи и долетались,вот они и долетались,вот они сволочи и долетались
29,ru,"идиоты, нахрена этот палач нужен.",Зачем этот палач нужен.,нахрена этот палач нужен.
30,ru,"Тебе не похуй, пидорас ебучий?",тебе не все равно,"<extra_id_0> Тебе не похуй, пидорас ебучий?"
31,ru,и на этом закончить с тобой беседу .............видно чмо капитальное .......,И на этом закончить с тобой беседу...... Видно не человек,<extra_id_0> и на этом закончить с тобой беседу .............видно чмо капитальное .......
32,ru,какой идиот придумал неделю досрочных выборов ?,какой человек придумал неделю досрочных выборов ?,<extra_id_0> какой идиот придумал неделю досрочных ?
33,ru,таких тварей только могила исправит.,Этих людей ничего не исправит,только могила исправит.
34,ru,мочите всех кто нарушает общественный порядок,Наказывайте всех кто нарушает общественный порядок,кто нарушает общественный порядок
35,ru,"путин, сука! ты президент!, какой страны?","путин! ты президент!, какой страны?",Путин! ты президент! какой страны?
36,ru,Уроды!! у нас в семье 3 поколения там родились,у нас в семье 3 поколения там родились,<extra_id_0> нас в семье поколения родились
37,ru,"ты что дура ,кто кормил ? путин что-ли?даже за мусор налог с грудного ребёнка .на 2 памперса помощь.идиотка...","Кто кормил? Путин что-ли? Налог даже с грудного ребенка, на 2 памперса помощь",кто кормил ? путин что-ли?даже за мусор налог с грудного ребёнка .на 2 памперса помощь.идиотка...
38,ru,люди убедительная просьба не обращать на эту дуру внимания.,люди убедительная просьба не обращать на эту женщину внимания.,<extra_id_0> люди убедительная просьба не обращать на эту девушку внимания.
39,ru,веселись сегодня ептить удручённый ты наш:-d,"Веселись сегодня, удрученный ты наш)))",сегодня веселись сегодня ептить удручённый ты наш:-d
40,hi,तू कहा अपना झोपड़ा मरवा रही है मादरचोद कूत्ती ?,तू अब कहां अपनी इज्जत से खिलवाड़ करवा रही है ?,तू कहा अपना झोपड़ा मरवा रही है मादरचोद कूत्ती ?
41,hi,कोठे की पैदाइस साला दल्ला भड़वा आजम,अच्छा आदमी नहीं है आजम ,<extra_id_0> कोठे पैदाला दल्लादल्लाम
42,hi,वाह भेनचोद वाह ...एक आदमी को नीचे गिराने के लिए कितने लोग लगे हुए हैं ...,वाह भाई वाह  ... एक आदमी को नीचा गिराने के लिए कितने लोग हैं ,<extra_id_0> आदमी को नीचे गिराने के लिए कितने लोग लगे हुए हैं ...
43,hi,तेरा लौंडा  बहुत  बैट लेकर  घूमता  और  सरकारी  अफसर को  पीटता है । ,तेरा लौंडा सरकारी अफसर के बारे में कुछ भी बोलता है |,तेरा लौंडा बहुत बैट लेकर घूमता और सरकारी अफसर को पीटता है ।
44,hi,भड़वे के पास कुत्ता जैसा नाक है हरामखोर पत्रकार,उस चापलूस पत्रकार को तुरंत सब कुछ पता चल जाता है ,पास कुत्ता जैसा नाक है हरामखोर पत्रकार
45,hi,मादरचोद हम नेपाल चले जाएं ?,हम नेपाल चले जाएं ?,हम नेपाल चले जाएं ?
46,hi,कन्हैया कुमार का सूपड़ा साफ होने से दिल खुश हो गया।।  साले कुत्ते सूअर की औलाद !!,कन्हैया कुमार का सूपड़ा साफ होने से दिल खुश हो गया।। वह अच्छा आदमी नहीं है !!,<extra_id_0> कन्हैया कुमार का सूपड़ा साफ होने से दिल खुश हो गया।। साले कुत्ते सूअर की औलाद !!
47,hi,जिसका भला माँ का दूध पीने से नही हुआ वो बाप का लुंड चाट कर क्या उखाड़ लेगा ।,जिसका भला माँ की परवरिश से नही हुआ वो बाप से क्या सुधरेगा |,<extra_id_0> जिसका भला माँ का दूध पीने से नही हुआ वो बाप का लुंड चाट कर क्या उखाड़ लेगा ।
48,hi,भैनचोद 4g के नाम पे अच्छा चुतिया काटते है,4g के नाम पे अच्छा बेवकूफ बनाते है,<extra_id_0> नाम पेच्छा चुतिया काटते हैं
49,hi,साले पिछले बारी बोला था कांग्रेस से गठबंधन की बात भी करू तो बेटा मर जाये,वह पिछले बारी बोला था कांग्रेस से गठबंधन की बात भी करू तो बेटा मर जाये,कांग्रेस से गठबंधन की बात भी करू तो बेटा मर जाये
50,hi,सिर्फ़ भ़ड़व़ा B ग्रेड़  वालों को मिर्ची लग रही है ??,सिर्फ़ B ग्रेड़ वालों को मिर्ची लग रही है ??,ग्रेड़ वालों को मिर्ची लग रही है ??
51,hi,इसकी जाँच होनी चाहिए | इसके पीछे देश के टुकड़े-टूकडे करने वाली हरामी की शक्तियों तो नहीं  हैं |,इसकी जाँच होनी चाहिए | इसके पीछे देश को बर्बाद करने वाले बुरे लोगों की शक्तियों तो नहीं हैं |,यह के पीछे देश के टुकड़े-टूकडे करने वाली हरामी की शक्तियों तो नहीं हैं |
52,hi,जिसने तुम हरामियों को पनाह दी उसने भुगता,जिसने तुम को पनाह दी उसने भुगता,<extra_id_0> जिसने तुम हरामियों को पनाह दी उसने भुगता
53,hi,सूअर लोग अपना अस्तित्व बचाने में लगे हैं।।,बुरे लोग अपने अस्तित्व को बचाने में लगे हैं |,<extra_id_0> लोग अपना स्तित्वाने हैं हैं।
54,hi,"मुझे नीच पर सफाई  देने की जरूरत नहीं, बदलेगी सरकार","मुझे सफाई देने की जरूरत नहीं, बदलेगी सरकार","नीच पर सफाई देने की जरूरत नहीं, बदलेगी सरकार"
55,hi,यहां ट्वीटर पे बकैती करने से अच्छा है उन हिजड़ो को पकड़ो और उनकी गांड में गोली मारो।। ,यहां ट्विटर पर बकैती करने से अच्छा है उनको पकड़ो और उन पर कार्रवाई करवाओ ||,यहां ट्वीटर पे बकैती करने से अच्छा है उन हिजड़ो को पकड़ो और उनकी गांड में गोली मारो।।
56,hi,तुम सुअर भर तमीज़ से नहीं रह सकते।,तुम थोड़ी भी तमीज़ से नहीं रह सकते।,तुम सुअर भर तमीज़ से नहीं रह सकते।
57,hi,दलाल मीडिया दूसरों के टुकड़े पर अपना ईमान बेचने वाली दलाल मीडिया,पक्षपात मीडिया अब ईमानदार नहीं रही मीडिया,<extra_id_0>सरों के टुकड़े पर अपना ईमान बेचने वाली दलाल मीडिया दूसरों के टुकड़े पर अपना ईमान बेचने वाली दलाल मीडिया दूसरों के टुकड़े पर अपना ईमान बेचने वाली दलाल मीडिया दूसरों के टुकड़े पर अपना ईमान बेचने वाली दलाल मीडिया
58,hi,सालो को जेल में डाल तो क्या रे बिकाऊ दलाल पत्रकार,ऐसे बिकाऊ चापलूस  पत्रकार को जेल में डाल दो,<extra_id_0> सालो सालो जेल डाल तो रे बिकाऊ
59,hi,केला कहाँ मिल रहा है आज कल सुअर ?,केला कहाँ मिल रहा है आज कल ? ,बिहार केला कहाँ मिल रहा है आज कल सुअर ?
60,hi,जब गांड लगी फटने तो पूरा इलाका इनकी सुरक्षा में है ।,जब यह डर रहे हैं तो पूरा इलाका इनकी सुरक्षा में है ।,जब गांड लगी फटने तो पूरा इलाका इनकी सुरक्षा में है ।
61,hi,तुम्हारे जेसे दल्ले का तो कहना ही क्या,तुम्हारे जेसे चापलूस लोगों का तो कहना ही क्या,तुम्हारे जेसे दल्ले का तो कहना ही क्या
62,hi,इस मादरचोद की करतूत को इतना सेंड करो जो की  पकडा जाये ।,इसकी खराब करतूत को इतना सेंड करो जो की  पकडा जाये ।,पकडा जाये जो की पकडा जाये
63,hi,दोगले यहाँ भी भरे पड़े हैं ।,दोनों तरफ साथ देने वाले यहां भी भरे पड़े हैं ।,यहाँ भी भरे पड़े हैं ।
64,hi,हरामी भाग गया मैदान छोड़ कर,वाह भाग गया मैदान छोड़ कर,<extra_id_0>ामी भाग लिया मैं भाग लिया मैं भाग लिया मैं भाग लिया मैं भाग लिया मैं भाग लिया मैं भाग लिया मैं भाग लिया मैं भाग लिया मैं भाग लिया मैं भाग लिया मैं भाग लिया मैं भाग लिया मैं भाग लिया मैं भाग लिया मैं भाग लिया मैं भाग लिया मैं भाग लिया मैं भाग लिया मैं भाग लिया मैं भाग लिया मैं भाग लिया मैं भाग लिया मैं भाग लिया मैं भाग लिया मैं
65,hi,"दलाल, भडवा भाग रे भाग !!","बुरे, पक्षपाती भाग रे भाग !!","<extra_id_0> दलाल, भडवा भाग रे भाग !!"
66,hi,अभी सूअर <number> महीने में दिल्ली में विधानसभा चुनाव है,अभी <number> महीने में दिल्ली में विधानसभा चुनाव है,बिना अभी सूअर <number> महीने में दिल्ली में विधानसभा चुनाव है
67,hi,लगता है मेरठ के लोग भड़वा बन गए है,लगता है मेरठ के लोग बेकार बन गए हैं ,मेरठ के लोग भड़वा बन गए है
68,hi,ये हराम का पिल्ला हरामखोर हरामी है जिस का खाता है उसी में ये हरामखोर छेद करता है।।,ये धोखेबाज जिस का खाता है उसी के साथ धोखा करता है।।,जिस का खाता है उसी में ये हरामखोर छेद करता है।।
69,hi,सूअर की तरह बच्चे पैदा कर लेते हैं उनके लिए खाने को भी इंतजाम करना पड़ता है ,इतने सारे बच्चे पैदा कर लेते हैं उनके लिए खाने को भी इंतजाम करना पड़ता है ,<extra_id_0> उनके लिए खाने को भी इंतजाम करना पड़ता है
70,hi,यह है मादरचोद कॉंग्रेस की राजनीति  इन मादर चोदो कांग्रेसियों  ने इतना गंद फैलाया है,यह है कॉंग्रेस की राजनीति इन कांग्रेसियों ने इतना रायता फैलाया है,यह है मादरचोद कॉंग्रेस की राजनीति इन मादर चोदो कांग्रेसियों ने इतना गंद फैलाया है
71,hi,ज़रा सुनिए कुछ लोगों का स्तर कितना गिरा हुआ है। हरामी नीच,ज़रा सुनिए कुछ लोगों का स्तर कितना गिरा हुआ है।,बिना सुनिए कुछ लोगों का स्तर कितना गिरा हुआ है। हरामी नीच
72,hi,दिल्ली के अंदर तोड़फोड़ भोसड़ी वाले ने करी ।,दिल्ली के अंदर तोड़फोड़ बुरे लोगों ने करी |,<extra_id_0> दिल्ली अंदर तोड़फोड़ भोसड़ी वाले ने करी ।
73,hi,ये कमीने दुःख देने के लिए ही पैदा होते है ||,ये बुरे लोग दुःख देने के लिए ही पैदा होते है ||,<extra_id_0> ये कमीने दुःख देने लिए ही पैदा होते है ||
74,hi,कीचड़ उकालने वाला नीच किस मुंह से श्रद्धांजलि दे रहा है?,कीचड़ उकालने वाला यह इंसान क्यों श्रद्धांजलि दे रहा है?,किस मुंह से श्रद्धांजलि दे रहा है?
75,hi,नीच नीच ही होता है राजा बन जाए तो भी |,राजा बनने के बाद भी लोगों के बुरे व्यवहार नहीं बदलते |,नीच नीच ही होता है राजा बन जाए तो भी |
76,hi,भड़वा मगर तुजे तो पता चले !,मगर तुजे तो पता चले !,绪जे तो पता चले
77,hi,इस हरामखोर कुत्ते  भेनचोद के साथ क्या सुलूक किया जाना चाहिए?? इसको फाड़ कर सुअरों को खिला देना चाहिए??,इसके साथ क्या सुलूक किया जाना चाहिए??,यह हरामखोर कुत्ते भेनचोद के साथ क्या सुलूक किया जाना चाहिए?? इसको फाड़ कर सुअरों को खिला देना चाहिए??
78,hi,हरामी भोसड़ीके बिजली चोर हो तुम,बुरे इंसान बिजली चोर हो तुम,बिजली चोर हो तुम
79,hi,सरदाना जी थोड़ा कम जहर उगला करो।,सरदाना जी थोड़ा कम नफरत फैलाया करो  ,थोड़ा कम जहर उगला करो।
80,en,I HATE YOU for deliting pages stay away from my pages,I dislike you for deleting my pages. Stay away from my pages.,<extra_id_0> I HATE for you for stay away from pages
81,en,"piss me off , fuckin jerk , get on my nerves .",get on my nerves,", get on my nerves , get on my nerves ."
82,en,"collins , is an idiot , but we didnt need this article to establish that fact .",Colin is not so intelligent but we didn't need this article to establish this fact.,<extra_id_0> we didnt need this article to establish that fact .
83,en,You are an idiot and you can't block anyone.,You can't block anyone.,They can't block anyone and you can't block anyone.
84,en,this is some clockwork orange level shit .,this is some clockwork orange level thing,.
85,en,"you know more than these idiots , stay the course and the truth will prevail .","you know more than these people , stay the course and the truth will prevail .",<extra_id_0> stay the course and the truth will prevail .
86,en,you need to fuck off and stop hrassing people,You need to stop hrassing people,<extra_id_0> you need to stop off.
87,en,"Are all professors of rhetoric pompous, self-centered assholes?",Are all professors of rhetoric look arrogant and self-centered?,<extra_id_0> all professors of toric are selfcentered.
88,en,if you think a town in texas would cover this kind of shit up you re insane .,If you think a town in Texas would cover these things your wrong.,<extra_id_0> if you think a town in texas would cover this kind of Shit up you re insane .
89,en,Kind of a stupid response given the name of the article.,Kind of a not meaningful response given the name of the article.,Given the name of the article.
90,en,"How could the capital of Israel not be part of Israel, you fucking brainwashed Arab dumbass.",How could the capital of Israel not be part of Israel?,"Why could the capital of Israel not be part of Israel, you fucking brainwashed Arab dumbass."
91,en,but redditors are too busy sucking bernie s dick to care .,but redditors are too busy to care .,redditors are too busy sucking bernie s Dick to care .
92,en,"they ve done that shit for so many years , especially when the large famine hit during the mid number s .","They are doing silly things for so many years, especially when the large famine hit during the mid 80's",when the large famine hit during the mid number s .
93,en,"it s like fucking jurassic park , but much fluffier ! .","it s like jurassic park , but much fluffier !","<extra_id_0> it s like fucking jurassic park , but much fluffier !"
94,en,so shut the hell up until you know what it is your talking about .,So keep quiet untill you know what you are talking about.,<extra_id_0> you know what it is your talking about .
95,en,that s fucking murder in my book and they let parents off for that shit all of the time .,that is murder in my book and they let parents off for that all the time .,<extra_id_0> they let parents off for that Shit all of the time .
96,en,fucking cunt of a person .,A bad person.,.
97,en,"In addition, I see no sock puppet, jackass.","In addition, I see no sock puppet.","Recently I see sock puppet,as well as I see sock puppet,as well"
98,en,military can be very stupid too .,Military can make a mistake.,.
99,en,and dumdums actually throw money at these clowns ?,Someone gives money on them?,They actually throw money at these clowns ?
100,en,"shit looked like a music video with synced audio , and footage editing .","looked like a music video with synced audio , and footage editing .","a music video with synced audio , and footage editing ."
101,en,yet fifa doesn t give two fucks .,yet fifa doesn't care.,<extra_id_0> yet fifa doesn t give two Fucks .
102,en,I have no interest in this stupid pedia.,I have no interest in this wikipedia.,<extra_id_0> I have no interest in this pedia.
103,en,"hiya frank , you know someone called fuck then ? .","hiya frank , you know someone called then ? .",<extra_id_0> You know someone called Fuck then ? .
104,en,You dumb motherfucker I am going to sue the shit out of you,I am going to sue everything out of you,dumb motherfucker I am going to sue the Shit out of you
105,en,that stupid water pipe is just a fatal accident waiting to happen .,that dangerous water pipe is just a fatal accident waiting to happen .,<extra_id_0> This is just a fatal accident waiting to happen .
106,en,i d love to live there if it weren t for the fucking california cost of living .,i d love to live there if it weren t for california cost of living .,i d love to live there if it weren t for the fucking california cost of living .
107,en,i 'm so fucking sick of reddit assuming people with a dissenting opinion are being paid by someone else .,i 'm so  sick of reddit assuming people with a dissenting opinion are being paid by someone else,i 'm so fucking sick of reddit assuming people with a dissenting opinion are being paid by someone else .
108,en,dont be a dick and add stupid and clear vandalism to articles .,Do not be like that and add clear vandalism to the article.,dont be a Dick and add clear vandalism to articles .
109,en,"See all the many Google links, titled"" Wikipedia sucks.""","See all the many Google links, titled"" Wikipedia is bad.""","<extra_id_0> See all many Google links, titled"" Wikipedia sucks."""
110,en,they are two faced fucks .,they are two faced.,They are two faced Fucks .
111,en,"not the rich and the government , but the people will be in shit street .","not the rich and the government , but the people will be in bad street.","<extra_id_0> not the rich and the government , but the people will be in Shit street ."
112,en,"Shut the hell up JeremyA, stop posting nonsense.","Stop talking, Jeremy, stop posting nonsense.","JeremyA, stop posting nonsense."
113,en,queer ur gay i hope u read this,I hope you read this.,i hope u read this
114,en,"kid , you should be watching the crap they call cartoons now made for your generation .","kid , you should be watching the cartoons now made for your generation .",<extra_id_0> you should be watching the crap they call cartoons now made for your generation .
115,en,they ll say and do anything to cover their asses won t they ? .,they'll do anything to cover their mistakes won't they,<extra_id_0> they ll say and do anything to cover their asses won t they ?
116,en,boeing is behaving exactly like any greedy bully would .,Boeing is behaving unfairly,They are behaving exactly like any greedy bully would .
117,en,keep your filthy paws off wikipedias articles unless you have something worthwhile to contribute .,Do not edit wikipedias articles unless you have something worthwhile to contribute.,Please keep your filthy paws off Wikipedias articles unless you have something worthwhile to contribute .
118,en,why should i give a fuck !,Why do I have to worry?,Why should i give a Fuck !
119,en,this is a fuckingtzu tactic for shits sake .,that's a bad tactic,<extra_id_0> this is a fuckingtzu tactic for Shits sake .
120,uk,"До деяких людей не виникає інших питань, окрім ""Ти блять уже родився таким мудаком?"".","До деяких людей не виникає інших питань, окрім ""Ти уже родився таким?"".","<extra_id_0> людей не виникає інших питань, окрім ""Ти блять уже родився таким мудаком?""."
121,uk,та тоді якийсь пиздец бувв мене рідко губи тріскають,Та тоді якийсь ужас бувв мене рідко губи тріскають,<extra_id_0> тоді якийсь пиздец бувв мене рідко губи тріскають
122,uk,"вже майже четверта, а я не сплю, блять","вже майже четверта, а я не сплю, що за","я не сплю, блять"
123,uk,ну і хуй з ним.,Ну і фіг з ним,ну ну і хуй з ним.
124,uk,Схуялі ти пишеш твіти з моєю картинкою?,навіщо ти пишеш твіти з моєю картинкою?,<extra_id_0> ти пишеш картинкою Схуялі ти пишеш.
125,uk,Тому доводиться вмикати режим хитрожопість.,Тому доводиться вмикати режим хитрощів.,доводиться вмикати режим хитрожопість.
126,uk,тобто блядь? тобі більше 25?!,тобто? тобі більше 25?!,<extra_id_0> тобто блядь? тобі більше 25?!
127,uk,Йди на хуй під силу,Йди геть під силу,<extra_id_0> Й Й Й Й Й Й Й Й Й Й Й Й Й Й Й Й Й Й Й Й Й Й Й Й Й Й Й Й Й Й Й Й Й Й Й Й Й Й Й Й Й Й Й Й Й Й Й Й Й Й Й Й Й Й Й Й Й Й Й Й Й Й Й Й Й Й Й Й Й Й Й Й Й Й Й Й Й Й Й Й Й Й Й Й Й Й Й Й Й Й Й Й Й Й Й Й Й Й Й Й Й Й Й Й Й Й Й Й Й Й Й Й Й Й Й Й Й Й Й Й Й Й Й Й Й Й
128,uk,"Блядь, то кімнати в сусідньому гуртожитку...",то кімнати в сусідньому гуртожитку...,кімнати в сусідньому гуртожитку...
129,uk,"Люди кажуть, що всім похуй на них.","Люди кажуть, що всім всеодно на них.","<extra_id_0> люди кажуть, що всім похуй на них."
130,uk,Я і щас нахуй здався?,Я і щас навіщо здався?,<extra_id_0> Я і щас нахуй здався?
131,uk,"Той хуй в тг не заходитьТи шо, яка ВікторіяЯ собі не дозволяю тепер такого","Той  в тг не заходитьТи шо, яка ВікторіяЯ собі не дозволяю тепер такого","Той хуй в тг не заходитьТи шо, яка ВікторіяЯ собі не дозволяю тепер такого"
132,uk,"Про мій твіттер гарно сказав Чарльз Буковскі ""Лінь народжує срань, срань - страждання, страждання - літературу ...","Про мій твіттер гарно сказав Чарльз Буковскі ""Лінь народжує погане, погане - страждання, страждання - літературу ...","твіттер гарно сказав Чарльз Буковскі ""Лінь народжує срань, срань - страждання, страждання - літературу ..."
133,uk,"не плєд хуйня, а ти хуйня","Не плед фігня,а ти",а ти хуйня
134,uk," я за сьогодні вже 2 рази блять, руки реально з жопи ростуть","я за сьогодні вже 2 рази , руки реально нiзвiдки треба ростуть","я за сьогодні вже 2 рази блять, руки реально з жопи ростуть"
135,uk,"Ця спека думає, шо змусить мене вдіти майку з шортами, але хуй там пєл.","Ця спека думає, шо змусить мене вдіти майку з шортами, але ні вже.","онез думає, шо змусить мене вдіти майку з шортами, але хуй там пєл."
136,uk,"'годуємо, блять, котів о п''ятій ранку'",'годуємо котів о п''ятій ранку',"'годуємо, блять, котів о п''ятій ранку'"
137,uk,Я можу придумувати їбануті програми для СТБ.,Я можу придумувати дивні програми для СТБ.,<extra_id_0> Я можу придумувати їбануті програми для СТБ.
138,uk," я чесно зізналась, що мені похуй, і канєшно ж через це тепер я тупа безсердечна сука","я чесно зізналась, що мені все одно, і канєшно ж через це тепер я просто безсердечна","<extra_id_0> я чесно зізналась, що мені похуй, і канєшно ж через це тепер я тупа безсердечна сука"
139,uk,"Якщо шось не так, то відкрий, сука, рота і скажи.",Якщо шось не так то відкрий рота і скажи,"<extra_id_0> якщо шось не так, то відкрий, сука, рота і скажи."
140,uk,Останнім часом не бачив НЕ мудаків.,Останнім часом не бачив НЕ поганих людей.,<extra_id_0> Останнім часом не бачив НЕ мудаків.
141,uk,"Блядь, сука, вибішує нахуй ця хуйня.",чорт вибішує ця річ.,"онез, вибішує нахуй цяйня Блядь, вибішує нахуй цяйня Блядь, вибішує нахуй цяйня Блядь, вибішує нахуй цяйня Блядь, вибішує нахуй цяйня Блядь, вибішує нахуй цяйня Блядь, вибішує нахуй цяйня Блядь, вибішує нахуй цяйня Блядь, вибішує нахуй цяйня"
142,uk,"'П''яний друг каже: "" ніколи не трахай дівчат з економічного...""'","'П''яний друг каже: "" ніколи займайся сексом с дівчатами з економічного...""'","ніколи не трахай дівчат з економічного...""'"
143,uk,О то в наших батьків частково така хуйня.,Ось у наших батьків частково така проблема,о то в наших батьків частково така йня О то в наших батьків частково така йня О то в наших батьків частково така йня О то в наших батьків частково така йня О то в наших батьків частково така йня О то в наших батьків частково така йня О то в наших батьків частково така йня О то в наших батьків частково така йня О то в наших батьків частково така йня О то в наших батьків частково
144,uk," ""Приватбанк - професійно шлемо нахуй""Подзвони їм.",Приватбанк - професійно шлемо Подзвони їм.,"- професійно шлемо нахуй""Подзвони їм."
145,uk,"ті самі, котрі ""полная імпотєнція в укаінском інфополє"" і через два твіти – ""боти Порошенко на з/п"" гг бляді.","ті самі, котрі ""полная імпотєнція в укаінском інфополє"" і через два твіти – ""боти Порошенко на з/п"" гг","і через два твіти – ""боти Порошенко на з/п"" гг бляді."
146,uk,"Ну бляяя, чого вони такі каєфні?",Ну  чого вони такі каєфні?,<extra_id_0> чого вони такі каєфні?
147,uk,"ДаЗнав одну, їбанутішої людини не бачив","ДаЗнав одну, божевільного людини не бачив","одну, їбанутішої людини не бачив"
148,uk,"Хочеш все встигнути? канєха даааа, проспи всьо нахуй:З","Хочеш все встигнути? канєха даааа, проспи всьо нафіг:З","хочешь все встигнути? канєха даааа, проспи всьо нахуй:З"
149,uk,"гегель такий мілаш,коли пише про абстрактне мислення, і таке мудло, коли товкмачить про право і державу.","гегель такий мілаш,коли пише про абстрактне мислення, і такий чудний, коли товкмачить про право і державу.","і таке мудло, коли пише про абстрактне мислення, і таке мудло, коли товкмачить про право і державу."
150,uk,"Тільки підпишешся на якусь цікаву людину, а вона одразу перестає твітити, знаходить собі мужика, товстіє чи починає постити хуйню.","Тільки підпишешся на якусь цікаву людину, а вона одразу перестає твітити, знаходить собі мужика, товстіє чи починає постити нісенітницю.","<extra_id_0> тільки підпишешся на якусь цікаву людину, а вона одразу перестає твітити, знаходить собі мужика чи починає постити хуйню."
151,uk,"Як перестати хотіти трахнути все, що рухається?",Як перестати хотіти все що рухається,<extra_id_0> Як перестати хотіти трахнути все що рухається?
152,uk,"Ви заїбали підміняти поняття, люмпенота.",Ви набридли підміняти поняття,<extra_id_0> Ви заїбали поняття. Ви заїбали поняття.
153,uk,так ми ж багато англ і рос читаєм. от і получається хуйня.,так ми ж багато англ і рос читаєм. от і получається плутанина.,<extra_id_0> так ми ж багато англ і рос читаєм. от і получається хуйня.
154,uk,Хєрак нада шось придумати годне хєрак похуй і так зайде,Бамс нада шось придумати годне бамс добре і так зайде,нада шось придумати годне хєрак похуй і так зайде
155,uk,Ну і йти до сраки,Ну і йти  далеко,<extra_id_0> Ну і йти до сраки
156,uk,"Їй випав Овен і бля, мій папа овен.",Їй випав Овен і мій папа овен.,"Їй випав Овен і бля, мій папа овен."
157,uk,Що блять за расистський твіттер сьогодні,Що  за расистський твіттер сьогодн,Коли блять за расистський твіттер сьогодні
158,uk,"А чи не мразь ти, Дмитро?","чи не редиска ти, Дмитро?",<extra_id_0> А чи мразь Дмитро
159,uk,"Має дві роботи, але вкрай ниє, яка у нас хренова держава, який він бідний, яке хуйове життя.","Має дві роботи, але вкрай ниє, яка у нас хренова держава, який він бідний, яке прикре у ньго життя.","яка у нас хренова держава, який він бідний, яке хуйове життя"
160,es,"Vaya, nunca pensé oir decir eso a una mujer",Nunca esperé escuchar eso de una mujer.,<extra_id_0> nunca pensé oir decir eso a una mujer
161,es,"No pasa nada, él es el mas preparado y el mas valiente que ya lo decia la abuela Carmena.","No hay problema, él es el más preparado y valiente, como lo afirmaba la abuela Carmena.",<extra_id_0> es el mas preparado y el mas valiente que ya lo decia la abuela Carmena.
162,es,"Israelitas, chinos, moros, culés... así estaba el Bernabéu ese día, que daba entre pena y asco.","Israelitas, chinos, moros,... así estaba el Bernabéu ese día, que daba entre pena y asco.","así estaba el Bernabéu ese día, que daba entre pena y asco."
163,es,"En catalán se escribe Espanya. Para dárselas usted de ser periodista, no tieene usted puta idea de escribir.","En catalán se escribe Espanya. Para dárselas usted de ser periodista, no tieene usted  idea de escribir.","<extra_id_0> se escribe Espanya. Para dárselas usted de ser periodista, no tieene usted idea de escribir."
164,es,"No hay que indicar niña ""blanca española"" ni nada? ",No es necesario especificar la nacionalidad o etnia al referirse a una niña.,"''blanca española"" ni nada ""blanca española"" ni nada"
165,es,Me cuesta creer que haya alguien igual de subnormal que Dalas.,Me cuesta creer que haya alguien igual que Dalas.,<extra_id_0> Me cuesta que haya alguien igual de normal que haya alguien igual de normal que haya alguien igual de normal que haya alguien igual de normal que haya alguien igual de normal que haya alguien igual de normal que haya alguien igual de normal que haya alguien igual de normal que haya alguien igual de normal que haya alguien igual de normal que haya alguien igual de normal que haya alguien igual de normal que haya alguien igual de normal que haya alguien igual de normal que haya alguien igual de normal que haya alguien igual de normal que haya alguien igual de normal que haya alguien
166,es,"Buah yo no me haría nunca un twitter, eso está lleno de rojos de mierda.","Yo no me haría nunca un twitter, eso está lleno de rojos.","<extra_id_0> yo no me haría nunca un twitter, eso está lleno de rojos de mierda."
167,es,"Quién te querría besar a ti, mongolo.",Quien te querria besar a ti,"<extra_id_0> Quién te querría besar a ti, mongolo."
168,es,Le han dado por lo que habrá robado antes y por lo que robará cuando salga del hospital.,Recibió una lección por lo que robó y robará en un futuro,<extra_id_0> Le han dado por lo que habrá robado antes y por lo que robará cuando salga del hospital.
169,es,"Son los mejores. Paguita, alquiler y seguridad social ya. Rasistas","Son los mejores. Paguita, alquiler y seguridad social ya.","<extra_id_0> Son los mejores. Paguita, alquiler y seguridad social ya. Rasistas"
170,es,Aquí lo acogemos con los brazos abiertos y le damos una paguita vitalicia.,Aquí lo recibimos con los brazos abiertos y le proporcionamos un apoyo económico de por vida,aquí lo acogemos con los brazos abiertos y le damos una paguita vitalicia
171,es,"Un cargador escaso de argumentario, parece.",Parece que tienes un cargador escaso de argumentos.,"<extra_id_0> Un cargador escaso de argumentario, parece."
172,es,Dale la vuelta a la camiseta y tienes el 6 del 6-1 de la REMONTADA MAMÓN!!!,Dale la vuelta a la camiseta y tienes el 6 del 6-1 de la REMONTADA!!!,dale la vuelta a la camiseta y tienes el 6 del 6-1 de la REMONTADA MAMÓN!!!
173,es,Aquí va una canción para todos y cada uno de los putos fascistas del PP… Fuck You de Lily Allen,Aquí tenéis una canción para todos y cada uno de los PP... You de Lily Allen,aquí va una canción para todos y cada uno de los putos fascistas del PP... Fuck You de Lily Allen
174,es,"Pinche gobierno de mierda, no ayudan pero como estorban HDSPM.","gobierno, no ayudan pero como estorban HDSPM.","gobierno de mierda, no ayudan pero como estorban HDSPM."
175,es,Puto perroflautas que man rayao el mercedes,que man rayao el mercedes,perroflautas que man rayao el Mercedes
176,es,por desgracia aún no entregan Goyas por el simple hecho de ser subnormal. Deberían empezar,por desgracia aún no entregan Goyas,<extra_id_0> no entregan Goyas por desgracia aún no entregan Goyas por el simple hecho de ser subnormal. Deberían empezar
177,es,"que asco de gente dios, que busquen el significado de hembrismo y de feminismo y luego hablan","Que terrible gente dios, que busquen el significado de hembrismo y de feminismo y luego hablan","<extra_id_0> que asco de gente dios, que busquen el significado de hembrismo y luego hablan"
178,es,La mitad catalana borrega independentista sigue creyéndose sus mentiras.,La mitad catalana independentista sigue creyéndose sus mentiras,mitad catalana borrega independentista sigue creyéndose sus mentiras.
179,es,"6 años ha tardado en mostrarse el tarado mental más grande, bravo 👏","6 años ha tardado en mostrarse el personaje más grande, bravo 👏","<extra_id_0> 6 años ha tardado en mostrarse el tarado mental más grande, bravo 👏"
180,es,"Por cierto, donde anda metido el gusano comunista ese?",¿Adónde fue ese Comunista?,"<extra_id_0> Por cierto, donde anda metido el gusano comunista ese?"
181,es,"A saber cuantos imbéciles recibieron dinero y sin hacer una mala película siquiera.""","A saber cuantos recibieron dinero y sin hacer una mala película siquiera.""","<extra_id_0> A saber cuantos imbéciles recibieron dinero y sin hacer una mala película siquiera."""
182,es,"Le pega 16 tiros y le grita ""No te muevas"", menudo subnormal.","Le dispara 16 veces y le grita ""No te muevas"", que individuo","y le grita ""No te muevas"", menudo subnormal."
183,es,Lo que está claro es que ha llegado un ladrón menos.,Lo que esta claro es que hay menos ladrones,<extra_id_0> Lo que está claro es que ha llegado un ladrón menos.
184,es,"El chepas acaba de solucionar el problema de la inmigración, ahora vendrán los de Vox a tocar los huevos...","El chepas acaba de solucionar el problema de la inmigración, ahora vendrán los de Vox a tocar molestar...",<extra_id_0> vendrán los de Vox a tocar los huevos...
185,es,"Qué bien. Hay que ver con los ingenieros, doctores y demás cracks que nos llegan...","Es impresionante ver a los ingenieros, doctores y otros expertos que llegan a nuestro país.","<extra_id_0> Hay que ver con los ingenieros, doctores y demás cracks que nos llegan..."
186,es,ahora ser liberal es de retrasado? pues eres un poco hipocrita y tonto amigo,"Se considera ahora que ser liberal es poco común? Me parece que hay un contraste entre tus opiniones y acciones, amigo",<extra_id_0> ahora ser liberal es de retrasado? pues eres un poco hipocrita y tonto amigo
187,es,No he leído a una sola mujer quejarse de twitt solo a los de siempre....los machirulos fachas ...que asquito,No he leído a una sola mujer quejarse de twitt,<extra_id_0> No he leído a una sola mujer quejarse de twitt solo a los de siempre....los machirulos fachas ...que asquito
188,es,"Tranquilízate tú, ya que se supone que eres analista deportivo, no comediante o payaso, aunque a veces parezca lo contrario.","Tómelo con calma, ya que debe ser un analista deportivo, no un comediante, aunque a veces puede parecer lo contrario.","Tranquilízate tú, ya que se supone que eres analista deportivo, no comediante o payaso, aunque a veces parezca lo contrario."
189,es,Esos comunistas nazis judeo musulmanes creyéndose los reyes de la física,Esa gente creyéndose los reyes de la física.,estos comunistas judeo musulmanes creyéndose los reyes de física
190,es,Los mejores y los más valientes.,Los más destacados y los más valerosos.,<extra_id_0> Los mejores y los más valientes.
191,es,Luego se queja Neymar... valiente subnormal.,Entonces Neymar se queja... valiente y extraño.,<extra_id_0> Luego seja Neymar valiente subnormal.
192,es,Por mucho que intentes ser del Madrid nunca dejaras de ser un sudaca xd,Por mucho que intentes ser del Madrid nunca dejaras de ser un sudamericano xd,<extra_id_0> Por mucho que intentes ser del Madrid nunca dejaras de ser un sudaca xd
193,es,Lo hipócritas que son algunos con el tema de ladder no tiene tamaño AJAJAJ Vaya hipócritas de mierda ;),Lo hipócritas que son algunos con el tema de ladder no tiene tamaño AJAJAJ,Qué hipócritas que son algunos con el tema de ladder no tiene tamaño AJAJAJ Vaya hipócritas de mierda ;)
194,es,Que arrechera esta economía de mierda,Que pena esta economía tan débil,<extra_id_0> Que arrechera esta economía de mierda
195,es,Por encima de la libertad de expresión está la libertad de callarse para no decir gilipolleces sin sentido,Por encima de la libertad de expresión está la libertad de permanecer en silencio para no decir cosas sin sentido,<extra_id_0> Por encima de la libertad de expresión está la libertad de callarse para no decir gilipolleces sin sentido
196,es,Expulsado #Guillermo Un mamarracho Herrera 💩,Expulsado #Guillermo,Herrera Un mamarracho Herrera 💩
197,es,"lo que es curioso es que todos los imbeciles que llevan bandera podemita demuestra ser imbecil,con nota","Lo qué es curioso es que todos los qué lleven bandera podemita demuestra cadecer de razonamiento, con nota","Todos los imbeciles que llevan bandera podemita demuestra ser imbecil,con nota"
198,es,"Cada vez, la situación del país está en la mierda la de mierdísima #FreddyGuevaraTeCAGASTE","Cada vez, la situación del país está en mala",<extra_id_0> Cada vez la situación del país está en la mierda la de mierdísima FreddyGuevaraTeCAGASTE
199,es,"A su vez que no es lo mismo ser cristiano que catolico , pero tu eres CATETA.",A su vez que no es lo mismo ser cristiano que catolico.,"<extra_id_0> A su vez que no es lo mismo ser cristiano que catolico , pero tu eres CATETA."
200,de,wir brauchen das scheiß #Europa nicht ich bin #Deutscher und kein Europäer #btw2017,wir brauchen das #Europa nicht ich bin #Deutscher und kein Europäer #btw2017,brauchen das scheiß #Europa nicht ich bin #Deutscher und kein Europäer #btw2017
201,de,"Da diese Meldung von den Vasallen Merkels kommt, würde ich sagen das diese Meldung der Tagesschau gelogen ist!! Lügenpresse und Lügen Medien","Da diese Meldung von den Unterstützern Merkels kommt, würde ich sagen das diese Meldung der Tagesschau gelogen ist!! Unehrliche Presse und lügende Medien","würde ich sagen das diese Meldung von den Vasallen Merkels kommt, würde ich sagen das diese Meldung der Tagesschau gelogen ist!!"
202,de,Was ist den das fette etwas da ..?,Was ist den das da ..?,<extra_id_0> Was ist den das fette etwas da ..?
203,de,Jakarta nur Drecks Islamisten !!! sie wollen Christen verfolgen ....!!!,Jakarta nur Islamisten !!! sie wollen Christen verfolgen ....!!!,<extra_id_0> sie wollen Christen verfolgen ....!!!
204,de,"Ja schnell alle Bäume weg, 5G Handys kaufen und Bürgermeister den Sack lutschen du kleine Profesora","Ja schnell alle Bäume weg, 5G Handys kaufen und Bürgermeister schmeicheln Profesora","schnell alle Bäume weg, 5G Handys kaufen und Bürgermeister den Sack lutschen du kleine Profesora"
205,de,"Genau Grenzen dicht, aber richtig. Asylschmarotzer raus!","Genau Grenzen dicht, aber richtig.",<extra_id_0> Genau Grenzen dicht aber richtig. Asylschmarotzer raus!
206,de,"Merkel: ""Die Bürger haben keine Lust auf Zuständigkeitsdebatten"" ??? Eben ein verlogenes Miststück mit ausreichender Denunziantenerfahrung😜","Merkel: ""Die Bürger haben keine Lust auf Zuständigkeitsdebatten"" ??? Eben eine Politikerin mit ausreichender rethorischer Erfahrung 😜",Eben ein verlogenes Miststück mit ausreichender Denunziantenerfahrung😜
207,de,"Die Zersetzung,die Vernichtung der Kultur,der Abschaum,hat immer nur einen Ursprung!","Die Zersetzung,die Vernichtung der Kultur,hat immer nur einen Ursprung!","Eine Zersetzung,die Vernichtung der Kultur,der Abschaum,hat immer nur einen Ursprung!"
208,de,@USER_0_Hoffenheim @USER_0 Mit besseren Kommentatoren Pinkeln gehen aber das Urinal nicht treffen,@USER_0_Hoffenheim @USER_0 Mit besseren Kommentatoren das Ziel verfehlen,besseren Kommentatoren Pinkeln gehen aber das Urinal nicht treffen
209,de,"Dummes Gelaber wegen Abschiebung in unsichere Staaten. Berlin, Manchester. und Nizza liegen auch in unsicheren Staaten. Also keine Hemmungen.","Unnötiges Gespräch wegen Abschiebung in unsichere Staaten. Berlin, Manchester. und Nizza liegen auch in unsicheren Staaten. Also keine Hemmungen.","<extra_id_0> keine Hemmungen. Berlin, Manchester. und Nizza liegen auch in unsicheren Staaten. Also keine Hemmungen."
210,de,"Gibt es überhaupt so viele Dreckslöcher in Deutschland, wenn die LINKEN sich bald verdrücken müßen ??","Gibt es überhaupt so viele Rückzugsorte in Deutschland, wenn die LINKEN sich bald verdrücken müßen ??",<extra_id_0> Gibt es überhaupt so viele Dreckslöcher in Deutschland wenn die LINKEN sich bald verdrücken müßen??
211,de,"Behörden WARTEN auf mehrere Morde, von diesem Abschaum!","Behörden WARTEN auf mehrere Morde, von diesen Leuten!",<extra_id_0> mehrere von diesem Behörden WARTEN auf mehrere von diesem Behörden Warten auf mehrere von diesem Behörden Warten auf mehrere von diesem Behörden Warten auf mehrere von diesem Behörden Warten auf mehrere von diesem Behörden Warten auf mehrere von diesem Behörden Warten auf mehrere von diesem Behörden Warten auf mehrere von diesem Behörden Warten auf mehrere von diesem Behörden Warten auf mehrere von diesem Behörden Warten auf mehrere von diesem
212,de,Hey Charr...du bist kein guter Boxer...im Ami-Land haut dich jeder Sparingspartner wech du Pfeife...!. @USER_1,Hey Charr...du bist kein guter Boxer...in Amerika haut dich jeder Sparingspartner weg...!. @USER_1,<extra_id_0> du bist kein guter...du bist kein guter...du bist kein guter...du bist kein guter...
213,de,Die Dummheit und Deutschfeindlichkeit eines Maas ist nicht mehr akzeptabel!. Dieser Kriminologe Pfeifersollte wohl vorher auf Drogen getestet werden!,Die Naivität und Deutschfeindlichkeit eines Maas ist nicht mehr akzeptabel!. Dieser Kriminologe Pfeifersollte wohl vorher auf Drogen getestet werden!,<extra_id_0> die Dummheit und Deutschfeindlichkeit eines ist mehr acceptabel!
214,de,Eben ein Beisp. mehr für die kranken Hirne von Politikern. Dieser geistige Schwachsinn auch unserer Politiker wird sich leider bitter rächen,Eben ein Beisp. mehr für die Gedankenwelt von Politikern. Diese Denkweise auch unserer Politiker wird sich leider bitter rächen,<extra_id_0> ein Beisp. mehr für die kranken Hirne von Politikern. Dieser geistige Schwachsinn auch unserer Politiker wird sich leider bitter rächen. Dieser geistige Schwachsinn wird sich leider bitter rächen
215,de,Du bist einfach nur noch lächerlich . #Bundestag,Du bist einfach nur noch fragwürdig . #Bundestag,Bundestag Du bist einfach nur noch lächerlich #Bundestag
216,de,Todenhöfer ist ein verlogener linker Islamlobbyist.  Leider sehr einflussreich,Todenhöfer ist ein unehrlicher linker Islamlobbyist. Leider sehr einflussreich,<extra_id_0> ein verlogener linker Islamlobbyist. Leider sehr einflussreich
217,de,für derart strunzdumme Menschen die ihre Gesundheit bei Wetten Dass ruinieren sollte die Öffentlichkeit keinesfalls aufkommen #hartaberfair,für Menschen die ihre Gesundheit bei Wetten Dass ruinieren sollte die Öffentlichkeit keinesfalls aufkommen #hartaberfair,ihre Gesundheit bei Wetten Dass ruinieren sollte die Öffentlichkeit keinesfalls aufkommen #hartaberfair
218,de,Kotz deine Propaganda wo anders aus. Hier bist du falsch.,Werde deine Propaganda wo anders los. Hier bist du falsch.,<extra_id_0> bist du falsch. Hier bist du falsch.
219,de,Bis heute wusste ich garnicht das Jerusalem nicht die Hauptstadt von Israel ist...... Es ist eine Christen und Juden Angelegenheit...was geht es eigentlich die bärtigen Kinderschänder an..?,Bis heute wusste ich garnicht das Jerusalem nicht die Hauptstadt von Israel ist...... Es ist eine Christen und Juden Angelegenheit...was geht es eigentlich die bärtigen Männer an..?,wusste ich garnicht das Jerusalem nicht die Hauptstadt von Israel ist...... Es ist eine Christen und Juden Angelegenheit...was geht es eigentlich die bärtigen Kinderschänder an..?
220,de,"Genderisten mit ihren eigenen Waffen zu schlagen ist einfach und spaßig. Sagt einfach, Ihr identifiziert Euch als schwarze lesbischer Transe","Genderisten mit ihren eigenen Waffen zu schlagen ist einfach und spaßig. Sagt einfach, Ihr identifiziert Euch als schwarze lesbischer Transperson","<extra_id_0> Sagt einfach, Ihr identifiziert Euch als schwarze lesbischer Transe. Sagt einfach, Ihr identifiziert Euch als schwarze lesbischer Transe"
221,de,"Grüner Scheiss ,wer sitzt hat keine Rechte mehr!","Grüne ,wer sitzt hat keine Rechte mehr!",",wer sitzt hat keine Rechte mehr!"
222,de,"Schäuble zur Lage in der Türkei: ""Das erinnert mich daran, wie es in der DDR war"" Was weiß dieser Vollpfosten von der DDR 🤢","Schäuble zur Lage in der Türkei: ""Das erinnert mich daran, wie es in der DDR war"" Was weiß dieser Mensch von der DDR 🤢","erinnert mich daran, wie es in der DDR war"" Was weiß dieser Vollpfosten von der DDR 🤢"
223,de,Das Video ist gesperrt - aus urheberrechtlichen Gründen - durch die Lügenpresse.,Das Video ist gesperrt - aus urheberrechtlichen Gründen - durch die Presse.,<extra_id_0> Das Video ist gesperrt - aus urheberrechtlichen Gründen - durch die Lügenpresse.
224,de,"Tusk wird in Polen als derjenige wahrgenommen, der Merkel in den Ar*** kriecht, war sich seiner ""Sache"" sicher u. verlor d. Wahl","Tusk wird in Polen als derjenige wahrgenommen, der Merkel gefallen will, war sich seiner ""Sache"" sicher u. verlor d. Wahl","<extra_id_0> in Polen als derjenige wahrgenommen, der Merkel in den Ar*** kriecht, war sich seiner ""Sache"" sicher u. verlor d. Wahl"
225,de,Ralle du alter Mülleimer lebst ja immer noch...dachte das zeitliche hat dich gesegnet.... Bist halt eine zähe Unkrautwurzel,Ralle du lebst ja immer noch...dachte das zeitliche hat dich gesegnet.... Bist halt eine zähe Persönlichkeit,dachte das zeitliche hat dich gesegnet.... Bist halt eine zähe Unkrautwurzel
226,de,jedes Tier erlöst man ungefragt von seinem Leid. Mündige Menschen lässt man elendig verrecken.,jedes Tier erlöst man ungefragt von seinem Leid. Mündige Menschen lässt man einfach sterben.,<extra_id_0> Menschen erlöst man ungefragt von seinem Leid. Mündige Menschen erlöst man ungefragt von seinem Leid. Mündige Menschen lässt man elendig verrecken.
227,de,Hab gerade in Brüssel angerufen. Ist wie mit Denyz in der Türkei. Keiner will den Spast zurück :-),Hab gerade in Brüssel angerufen. Ist wie mit Denyz in der Türkei. Keiner will ihn zurück :-),<extra_id_0> gerade in der Türkei angerufen Ist wie mit Denyz in der Türkei. Hab gerade in der Türkei angerufen Ist wie mit Denyz in der Türkei angerufen Ist wie mit Denyz in der Türkei. Hab gerade in der Türkei angerufen Ist wie mit Denyz in der Türkei. Ist wie mit Denyz in der Türkei.
228,de,Na klar kriegt der Lob von allen Seiten...ist ja ein Merkel-Blindenhund.. Wollt ihr tatsächliche Opfer sehen dann geht auf Friedhöfe oder sprecht mit den Angehörigen..!,Na klar kriegt der Lob von allen Seiten...ist ja ein Merkel-Anhänger.. Wollt ihr tatsächliche Opfer sehen dann geht auf Friedhöfe oder sprecht mit den Angehörigen..!,<extra_id_0> klar kriegt der Lob von allen Seiten...ist ja ein Merkel-Blindenhund.. Wollt ihr tatsächliche Opfer sehen dann geht auf Friedhöfe oder sprecht mit den Angehörigen..!
229,de,In Kindergärten neben den Kindern? wäre ja noch schöner. Zittern soll dieses Asylantenpack in Zelten abseits der Zivilisation,In Kindergärten neben den Kindern? wäre ja noch schöner.,wäre ja noch schöner. Zittern soll dieses Asylantenpack in Zelten abseits der Zivilisation
230,de,"Das ist eine Moslem-Schlampe , die es hoffentlich noch bereuen wird .Ich habe kein Mitleid nur Schadenfreude!","Das ist eine Muslima, die es hoffentlich noch bereuen wird .Ich habe kein Mitleid nur Schadenfreude!","<extra_id_0> Das ist eine Moslem-Schlampe , die es hoffentlich noch bereuen wird Ich habe kein Mitleid nur Schadenfreude!"
231,de,AUF DAS DER FUROR TEUTONICUS ERWACHT !zurhöllemitmerkel !,AUF DAS DER FUROR TEUTONICUS ERWACHT !wegmitmerkel !,AUF DAS DER FUROR TEUTONIC ERWACHT !zurhöllemitmerkel !
232,de,"Kern, pinkle dem Herrn Kurz nicht ans Bein. Du bist. abgewählt und unerwünscht. Also, halt´s Maul.","Kern, stelle den Herrn Kurz nicht an den Pranger. Du bist. abgewählt und unerwünscht. Also, sei leise.","Also, halt ́s Maul. Du bist. abgewählt und unerwünscht. Also, halt ́s Maul."
233,de,"Schreibt besser mal über die Asylanten Verbrechen ,dass wird bei euch totgeschwiegen!","Schreibt besser mal über die Asylbewerber Verbrechen ,dass wird bei euch totgeschwiegen!","besser mal über die Asylanten Verbrechen ,dass wird bei euch totgeschwiegen!"
234,de,"Naja,zu Lauterbach,ich kenne viele Leute die es besser machen würden und zum Dummerchen Thomalla , Merkel ist der Skandal, Watt für IRRE!","Naja,zu Lauterbach,ich kenne viele Leute die es besser machen würden und zu Thomalla , Merkel ist der Skandal! Das ist doch verrückt","<extra_id_0> Ich kenne viele Leute die es besser machen würden und zum Dummerchen Thomalla,ich kenne viele Leute die es besser machen würden und zum Dummerchen Thomalla,ich kenne viele Leute die es besser machen würden und zum Dummerchen Thomalla,ich kenne viele Leute die es besser machen würden und zum Dummerchen Thomalla,ich kenne viele Leute die es besser machen würden und zum Dummerchen Thomalla , Merkel ist der Skandal, Watt für IRRE!"
235,de,haha sucht man schon Ausreden für die völlig Dumme Berichterstattung der letzten Wochen...?,haha sucht man schon Ausreden für die Berichterstattung der letzten Wochen...?,sucht man schon Ausreden für die völlig Dumme Berichterstattung der letzten Wochen...?
236,de,"Ach du Scheisse, wer mit Nahles in die Zukunft geht kann auch gleich den Stegner dazu packen 😂😂😂😂😂😂😂😂😂😂😂😂😂😂😂😂","Ach du grüne Neune, wer mit Nahles in die Zukunft geht kann auch gleich den Stegner dazu packen 😂😂😂😂😂😂😂😂😂😂😂😂😂😂😂😂",😂😂😂😂😂😂😂😂😂😂😂😂😂😂😂😂😂😂😂😂😂😂😂😂😂😂😂😂😂😂😂😂😂😂😂😂😂😂😂😂😂😂😂😂😂😂😂😂😂😂😂😂😂😂😂😂😂😂😂😂😂😂😂😂😂😂😂😂😂😂😂😂😂😂😂😂😂😂😂😂😂😂😂😂😂😂😂😂😂😂😂😂😂😂😂😂😂😂😂😂😂😂😂😂😂😂😂😂😂😂😂😂😂😂😂😂😂😂😂😂😂😂😂😂😂😂
237,de,Der dumme Deutsche hat gewählt er läuft freiwillig zur Schlachtbank.. Armes dummes Deutschland.,Der Deutsche hat gewählt er läuft freiwillig zur Schlachtbank.. Armes Deutschland.,<extra_id_0> Der dumme Deutsche hat gewählt er läuft freiwillig zur Schlachtbank.. Armes dummes Deutschland.
238,de,Öffentlich-rechtlichen Nazi Medien und Merkel Vasallen setzten ihre Hetzkampagne gegen den Präsidenten der Vereinigten Staaten fort!!,Öffentlich-rechtlichen Medien und Merkel Anhängern setzten ihre Kampagne gegen den Präsidenten der Vereinigten Staaten fort!!,Präsidenten der Vereinigten Staaten setzten ihre Hetzkampagne gegen den Präsidenten der Vereinigten Staaten fort!!
239,de,"Bei #Halbneger meldet sich Till #Schweiger grosskotzig zu Wort, bei Mord an #Mila Valentin hört man nichts von diesen Heuchler.","Bei bestimmten Themen meldet sich Till #Schweiger laut zu Wort, bei Mord an #Mila Valentin hört man nichts von ihm.",<extra_id_0> #Halbneger meldet sich Till #Schweiger grosskotzig zu Wort bei Mord an Mila Valentin hört man nichts von diesen Personen. Bei Mord an Mila Valentin hört man nichts von diesen Personen.
240,ar,#الهلال حارس قزم ولاعب وسط قلب دفاع أما أن لهذا العبث ان يتوقف مايحدث في الهلال يتطلب تدخل اعضاء الشرف لإنقاذ ا…,#الهلال حارس هاوي ولاعب وسط قلب دفاع أما أن لهذا العبث ان يتوقف مايحدث في الهلال يتطلب تدخل اعضاء الشرف لإنقاذ ا…,أما أن لهذا العبث ان يتوقف مايحدث في الهلال يتطلب تدخل اعضاء الشرف لإنقاذ ا...
241,ar,إنه أسوأ عمدة حظينا به على الإطلاق!,إنه العمدة غير المناسب على الإطلاق!,<extra_id_0> إنه أسوأ عمدة حظينا به على الإطلاق!
242,ar,سبحان الله كأنك تتكلم عن نفسك فيه احد ما أحتل مصر يابهيمه وشارع الهرم يشه…,سبحان الله كأنك تتكلم عن نفسك فيه احد ما أحتل مصر وشارع الهرم يشه…,بحسب الله كأنك تتكلم عن نفسك فيه احد ما أحتل مصر يابهيمه وشارع الهرم يشه...
243,ar,يعني حياة المواطنين رخيصه عنكم .. ما يهمك من مات ع قد ما يهمك تثبت انك صح .. لعنة الله عليكم ولعنة الله ع السياسه والسياسيين,يعني حياة المواطنين رخيصه عنكم .. ما يهمك من مات ع قد ما يهمك تثبت انك صح .. مافي خير في السياسه والسياسيين,<extra_id_0> ما يهمك من مات ع قد ما يهمك تثبت انك صح .. ما يهمك من مات ع قد ما يهمك تثبت انك صح .. ما يهمك من مات ع قد ما يهمك تثبت انك صح .. ما يهمك من مات ع قد ما يهمك تثبت انك صح .. ما يهمك من مات ع قد ما يهمك تثبت انك صح .. ما يهمك من مات ع قد ما يهمك تثبت انك صح ..
244,ar,اجل النجار يسجل علينا الله يلعن امك فريق,اجل النجار يسجل عليناق,اجل النجار يسجل علينا الله يلعن امك فريق
245,ar,هذا الرجل غبي جداً.,هذا الرجل غير مدروس جداً.,هذا الرجل غبي جداً.
246,ar,مائة ألف شخص دفعوا المال لمشاهدة هذه القمامة.,مائة ألف شخص دفعوا المال لمشاهدة هذا المحتوى,<extra_id_0> مائة ألف شخص دفعوا المال لمشاهدة هذه القمامة.
247,ar,يختار الثاني عشان ما محد يقول عنه قزم,يختار الثاني عشان ما محد يقول عنه قصير,يختار الثاني عشان ما محد يقول عنه قزم
248,ar,هذه ليست سياسة، هذه ليست سوى ثور مغرور للجماهير الجاهلة.,هذه ليست سياسة,<extra_id_0> هذه ليست سياسة، هذه ليست سياسة، هذه ليست سياسة، هذه ليست سياسة، هذه ليست سياسة، هذه ليست سوى ثور مغرور للجماهير الجاهلة.
249,ar,انت احول فريقك داج ..بلاش مجامله وتطبيل على الحكم,انت مش شايف فريقك داج ..بلاش مجامله وتطبيل على الحكم,<extra_id_0> انت احول فريقك داج ..بلاش مجامله وتطبيل على الحكم
250,ar,اشرف وانزه من ابوك يا ابن سته وستين زنوه,اشرف وانزه من ابوك يا ابن سته وستين محترم,ابن سته وستين زنوه
251,ar,أنا متأكد من أن بعضهم متحيز سياسيًا، وبعضها يغطي مؤخرته ويتظاهر بأنه لا يوجد شيء خاطئ.,أنا متأكد من أن بعضهم متحيز سياسيًا، ويتظاهر بأنه لا يوجد شيء خاطئ.,<extra_id_0> أنا متأكد من أن بعضهم متحيز سياسيًا، وبعضها يغطي مؤخرته ويتظاهر أنه لاجد شيء خاطئ.
252,ar,للجميع أصعب مهمه بحياتي اسكر سحاب فستان وحده دبه والمشكله تهدد ياويلك لو انقطع يامسلمه اتقي الله.,للجميع أصعب مهمه بحياتي اسكر سحاب فستان وحده سمينة والمشكله تهدد ياويلك لو انقطع يامسلمه اتقي الله.,فستان وحده دبه والمشكله تهدد ياويلك لو انقطع يامسلمه اتقي الله.
253,ar,قردوغان عاوز يحط رجله في منطقه بتاعتنا اللي اكتشفناه في البحر الابيض المتوسط بأي طريقة بس حب يجرب القوة لقى جيشنا…,أردوغان عاوز يحط رجله في منطقه بتاعتنا اللي اكتشفناه في البحر الابيض المتوسط بأي طريقة بس حب يجرب القوة لقى جيشنا…,<extra_id_0> عاوز يحط رجله في منطقه بتاعتنا اللي اكتشفناه في البحر الابيض المتوسط بأي طريقةبس حب يجرب القوة لقى جيشنا...
254,ar,عنجد هيدا شارون هيدا جماعة شارون لعنة الله عليك يا مجرم يا ابن الحرام لعنة الله يارب تخسر أولادك,عنجد هيدا شارون هيدا جماعة شارون يارب تخسر أولادك,لعنة الله عليك يا مجرم يا ابن الحرام لعنة الله عليك يا مجرم يا ابن الحرام لعنة الله عليك يا مجرم يا ابن الحرام لعنة الله عليك يا مجرم يا ابن الحرام لعنة الله عليك يا مجرم يا ابن الحرام لعنة الله عليك يا مجرم يا ابن الحرام لعنة الله عليك يا مجرم يا ابن الحرام لعنة الله عليك يا مجرم يا ابن الحرام لعنة الله عليك يا مجرم يا ابن الحرام
255,ar,هو كدا عرف يربي فعلا شراميط اخر زمن,هو كدا عرف يربي فعلا فاشلين اخر زمن,<extra_id_0> هو كدا عرف يربي فعلا شراميط اخر زمن
256,ar,وأمور أخرى غبية .,وأمور أخرى سيئة .,<extra_id_0> الأمر أخرى غبية
257,ar,الناس يموتون و رديت مستمرة في معاملة الضباط حول العالم كالقذارة,الناس يموتون و رديت مستمرة في معاملة الضباط في جميع أنحاء العالم بشكل سيء,<extra_id_0> الناس يموتون و رديت مستمرة في معاملة الضباط حول العالم كالقذارة
258,ar,هذا واحد قليل بحقه الحذاء,هذا واحد قليل بحقه الشتيمة,هذا واحد قليل بحقه الحذاء
259,ar,مستحيل الشعب الفلسطيني كذا انت لاتمثل الشعب الفلسطيني يا حمار,مستحيل الشعب الفلسطيني كذا انت لاتمثل الشعب الفلسطيني,لاتمثل الشعب الفلسطيني كذا انت لاتمثل الشعب الفلسطيني يا حمار
260,ar,اذا انت سمين ونحفت بشر امك لان محد بيفرح لك غيرها اما انّا ترى والله محد مهتم,اذا انت نحفت بشر امك لان محد بيفرح لك غيرها اما انّا ترى والله محد مهتم,اذا انت سمين ونحفت بشر امك لان محد بيفرح لك غيرها اما انّا ترى والله محد مهتم
261,ar,الله لايوفق كل شخص له يد باللي صار ، لعنة الله عليكم,الله لايوفق كل شخص له يد باللي صار ، حسبي الله عليكم,<extra_id_0> الله لايوفق كل شخص له يد باللي صار ، لعنة الله عليكم
262,ar,أكثر برهانا على أن الليبرالية قد تكون اضطرابا عقليا,المزيد من البرهان على أن الليبرالية قد تكون مشكلة,على أن الليبرالية قد تكون اضطرابا عقليا
263,ar,دانتو شوية بنات شراميط اقسم بالله ي كلاب الفولو ي عرر,دانتو شوية بنات اقسم بالله ي بتوع الفول,بنات شراميط اقسم بالله ي كلاب الفولو ي عرر
264,ar,ده قصر قردوغان الجديد، عامل فيه حمام سباحة اوليمبي مسميه البحر المتوسط وقاعد عمال يحط بلوكات فيه وكاتب عليها بتاعتي,ده قصر أردوغان الجديد، عامل فيه حمام سباحة اوليمبي مسميه البحر المتوسط وقاعد عمال يحط بلوكات فيه وكاتب عليها بتاعتي,عامل فيه حمام سباحة اوليمبي مسميه البحر المتوسط وقاعد عمال يحط بلوكات فيه وكاتب عليها بتاعت
265,ar,انسان غبي وردوك مفهاش احترام للى قدامك ومعرفش مستحمل تبقى كدا ازاى .,انسان سطحي وردوك مفهاش احترام للى قدامك ومعرفش مستحمل تبقى كدا ازاى .,<extra_id_0> انسان غبي وردوك مفهاش احترام لل قدامك ومعرفش مستحمل تبقى كدا ازاى .
266,ar,ضاعت فلوسك يا دبه ببلاش,ضاعت فلوسك ببلاش,ضاعت فلوسك يا دبه ببلاش
267,ar,بدون ذكر الأغبياء مثل بيلوسي,الناس مثل بيلوسي ليسوا جيدين,<extra_id_0> بدون ذكر الأغبياء مثل بيلوسي
268,ar,الله يلعن ابوك حكم اقسم بالله واضح الفاول جعلك تتمنى الموت ولا تشوفه,يا لك من حكم اقسم بالله واضح الفاول جعلك تتمنى الموت ولا تشوفه,<extra_id_0> الله يلعن ابوك حكم اقسم بالله واضح الفاول جعلك تتمنى الموت ولا تشوفه
269,ar,تأكدوا هل لاعب كرة قدم والا كرة قدم أمريكية.. لأنهم يجون اقزام زي هذا,تأكدوا هل لاعب كرة قدم والا كرة قدم أمريكية.. لأنهم يجون قصار زي هذا,<extra_id_0> لاعب كرة قدم والا كرة قدم أمريكية.. لأنهم يجون اقزام زي هذا
270,ar,حبيبي ،،، الله حسيبك ... اذا باعوا ارضهم كان هم اغنى اغنياء العالم يا متخلف ... ايش يج…,حبيبي ،،، الله حسيبك ... اذا باعوا ارضهم كان هم اغنى اغنياء العالم ... ايش يج…,اذا باعوا ارضهم كان هم اغنى اغنياء العالم يا متخلف ... ايش يج...
271,ar,أنت شخص غبي معادي لأمريكا إذا لم تستطع أن ترى ما يحدث هنا.,أنت شخص معادي لأمريكا إذا لم تستطع أن ترى ما يحدث هنا.,أنت شخص غبي معادي لأمريكا إذا لم تستطع أن ترى ما يحدث هنا.
272,ar,لن يشاهدوا هذا الهراء أبدا مرة أخرى.,لن نرغب في مشاهدة ذلك مجددا أبدا,<extra_id_0> لن يشاهدوا هذا الهراء أبدا مرة أخرى.
273,ar,والله ماالوم قردوغان يوم يبغى يعمل قيود على تويتر في تركيا🤣. من كثر مامسحوا المصري…,والله ماالوم أردوغان يوم يبغى يعمل قيود على تويتر في تركيا🤣. من كثر مامسحوا المصري…,<extra_id_0> ماالوم قردوغان يوم يبغى يعمل قيود على تويتر في تركيا🤣. من كثر مامسحوا المصري...
274,ar,مصيرنا ندعسكم في كل مكان ولو كانت مواجه مباشره لاعطيناكم دروس…,صيرنا نغلبكم في كل مكان ولو كانت مواجه مباشره لاعطيناكم دروس…,<extra_id_0> مصيرنا ندعسكم في كل مكان ولو كان مواجه مباشره لاعطيناكم دروس
275,ar,ياربي دخلك ؟ كس اختك واخت هيك ثورة,ياربي دخلك ؟ لهيك ثورة,دخلك ؟كس اختك واخت هيك ثورة
276,ar,مدرب غبي وسط سيئ ودفاع شوارع,مدرب ساذج وسط سيئ ودفاع شوارع,وسط سيئ ودفاع شوارع
277,ar,هذا ما يحدث عندما يرسل الحمقى صبيا ليقوم بعمل الرجال,هذا ما يحدث عندما ترسل فتى ليقوم بعمل رجل,<extra_id_0> ما يحدث عندما يرسل الحمقى صبيا ليقوم بعمل الرجال
278,ar,أنصار درامب المزريون يعتقدون أن أي شخص ليس أبيضاً هو بالتأكيد غير قانوني.,أنصار درامب يعتقدون أن أي شخص ليس أبيضاً هو بالتأكيد غير قانوني.,<extra_id_0> أنصار درامب المزريون يقولون أن أي شخص ليس أبيضاً هو بالتأكيد غير قانوني.
279,ar,لا لا لا الحكم ده غبي اوي كده ليه,لا لا لا الحكم ده جاهل اوي كده ليه,ليه لا لا لا لا الحكم ده غبي اوي كده ليه
280,am,አንተም ክፉ ነበርክ ክፉ አዘዘብህ አንደ ገና ዳቦ እሳት ነደደብህ። የምንልበት ቀን ሩቅ ሰይደለም????,በክፋቱ የሚታወቅ የስራውን ሊያገኝ ነው የምንልበት ቀን ሩቅ አይደለም ??,<extra_id_0> አንተም ክፉ ነበርክ ክፉ አዘዘብህ አንደ ገና ዳቦ እሳት ነደደብህ። የምንልበት ቀን ሩቅ ሰይደለም????
281,am,ቀድሞ ነበር እንጂ መጥኖ መደቆስ አሁን ምን ያደርጋል ድስት ጥዶ ማልቀስ። ጉራ ብቻ  ለዚሁ ነበር ያ ሁላ ፉከራ ???,ቀድሞ ነበር እንጂ መጥኖ መደቆስ አሁን ምን ያደርጋል ድስት ጥዶ ማልቀስ። ወሬ ብቻ ምንም አያሰራም፡ ተግበር,መጥኖ መደቆስ አሁን ምን ያደርጋል ድስት ጥዶ ማልቀስ። ጉራ ብቻ ለዚሁ ነበር ያ ሁላ ፉከራ ???
282,am,ደንቆሮ በክት የበከትህ ገረድ የስሙኒ ልጅ አንተ ከማንም ጋ ልትከራከር አትችልም ሆድ እስካፉ በክት ስለሆንህ,አንተ ከማንም ጋ ልትከራከር አትችልም ራስ ወዳድ ስለሆንክ,ደንቆሮ በክትህ ገረድ የስሙኒ ልጅ አንተ ከማንም ጋ ልትከራከር አትችልም ሆድ እስካፉ ልጅ አንተ ከማንም ጋ ልትከራከር አትችልም ሆድ እስካፉ ልጅ አንተ ከማንም ጋ ልትከራከር አትችልም ሆድ እስካፉ ልጅ አንተ ከማንም ጋ ልትከራከር አትችልም ሆድ እስካፉ ልጅ አንተ ከማንም ጋ ልትከራከር አትች
283,am,ጥሎብሽ እኔ መስማት ሴራ መስሎ ታይቶሽ ነበራ ????,የእኔ መስማት ለነገር መስሎ ታይቶሽ ነበር መሰለኝ????,ጥሎብሽ እኔ መስማት ሴራ መስሎ ታይቶሽ ነበራ ????
284,am,ምቀኛ፣ቡዳ ፣ሸርሙጣ፣ ሰፋሪ እሚባል እድፍ እሚወረወርብን የኛን ስነ ልቦና ለመዝረፍ ነው። እንኳን ዛሬ፡ በምድረ ቅጥረኛ ኮተት ጥንት ሙሶሊኒ በ,ይህ ሁሉ ስድብ  እሚወረወርብን የኛን ስነ ልቦና ለመዝረፍ ነው። እንኳን ዛሬ፡ ድሮም አልሰራ,ዛሬ፡ በምድረ ቅጥረኛ ኮተት ጥንት ሙሶሊኒ በ
285,am,አብይ አህመድ ጨካኝ ነው:: ከሱ ጋር ሲወዳደር መንግስቱ ኀ/ማርያም የመጨረሻ ሩህሩህ አይደለም እንዴ::?? ከአብይ አንፃር መንግስቱ ደግና ሰፍሳፋ ሆኖ ነው ያገኘነው:: አብይ ህፃና,ከ ጠ/ሚ አብይ አህመድ አንፃር ፡ መንግስቱ ኀ/ማርያም ሩህሩህ እና ደግ ሰው እንደሆነ ነው እኔ የምረዳው፡፡,መንግስቱ ደግና ሰፍሳፋ ሆኖ ነው ያገኘነው:: አብይ አህመድ ጨካኝ ነው:: ከሱ ጋር ሲወዳደር መንግስቱ ደግና ሰፍሳፋ ሆኖ ነው ያገኘነው:: አብይ ህፃና
286,am,እሱን ያ አብይ ተይቀው ዝም ብለህ አትዘባርቅ ። አንተ እስኪ ተዋጋ ከዛ ሌላውን ቦቅቧቃ ትላለህ,እሱን የሚመለከታቸውን መጠየቅ ይቻላል፤ በግምት ግን አትናገር፡፡ መጀመሪያ አንተ ታገል እና ሌላው ኋላ ይደርሳል፡፡,<extra_id_0> አንተ እስኪ ተዋጋ ከዛ ሌላውን ቦቅቧቃ ትላለህ ። አንተ እስኪ ተዋጋ ከዛ ሌላውን ቦቅቧቃ ትላለህ
287,am,አንተ ግም እና የገለማህ ነህ ከትግራይ ታቦቱን ተመኝተህ ህዝብና መሬቱን ካድክ ድሮም ባንዳ ብህሪው ነው,የትግራይ ታቦትን እየተመኙ ፤ ህዝብና መሬቱን መርሳት ትክክል አይደለም፡፡,<extra_id_0> አንተ ግም እና የገለማህ ነህ ከትግራይ ታቦቱን ተመኝተህ ህዝብና መሬቱን ካድክ ድሮም ባንዳ ብህሪው ነው
288,am,የሚሰድበኝና የሚያዋርደኝ መሪ ናፈቀኝ እያለ ይመስላል ፖርቱጋላዊው ዴኮ,በክፉ የሚናገረኝ እና ክብር የማይሰጠኝ መሪ ናፈቀኝ እያለ ይመስላል ፖርቱጋላዊው ዴኮ,ሰድበኝና የሚያዋርደኝ መሪ ናፈቀኝ እያለ ይመስላል ፖርቱጋላዊው ዴኮ
289,am,ምን ቀረብኝ ብለህ ነው???የውሻ የድመት እና የእባብ ጥብስ ነው እኮ ይቀረብህ ብቻ ከአማረህ መከልከል የለበትም ባይ ነኝ የሚመለከተው ሁሉ ክትትል ማድረግ ይኖርበታል,ከማይበሉ እንሰሳት ተሰርቶ የሚቀርብ ጥብስ ቢቀርብህስ ?,ምን ቀረብኝ ብለህ ነው???የውሻ የድመት እና የእባብ ጥብስ ነው እኮ ይቀረብህ ብቻ ከአማረህ መከልከል የለበትም ባይ ነኝ የሚመለከተው ሁሉ ክትትል ማድረግ ይኖርበታል
290,am,የኢትዮጲያን ስደተኞች በስር እየተሰቃዩ በሳውድ እናተ ግን ደልቷችሁ ሽርርር ትላላችሁ ይገርማን በመቶ ሺ እሚቆጠር ኢትዮጲያዊያን እርቃናቼውን በብርድ በሙቀት በም,የኢትዮጲያን ስደተኞች በስር እየተሰቃዩ በሳውድ በመቶ ሺ እሚቆጠር ኢትዮጲያዊያን እየተጉዱ እናንተ ግን በሳውድ ይህን በማያሳይ ሆኔታ ነው የታያችሁት፡፡,ግን ደልቷችሁ ሽርርር ትላላችሁ ይገርማን በመቶ ሺ እሚቆጠር የኢትዮጲያን ስደተኞች በስር እየተሰቃዩ በሳውድ እናተ ግን ደልቷችሁ ሽርርር ትላላችሁ ይገርማን በመቶ ሺ እሚቆጠር የኢትዮጲያን ስደተኞች በስር እየተሰቃዩ በሳውድ እናተ ግን ደልቷችሁ ሽርርር ትላላችሁ ይገርማን በመቶ ሺ እሚቆጠር ኢትዮጲያዊያን እርቃና
291,am,መፅሀፍ ማለት አንቺ ተጋድመሽ እንዳሮጌ እርግብ አልጋላይ የምታጎላጂጂበት ማለት ሳይሆን እንደ ትጉህ ንብ በንቃት እወቀት የሚመጠጥበት ነው።,መፅሀፍ ማለት አንቺ እንደ ነገሩ ጋደም ብለሽ  ዝምብሎ የሚነበብ ሳይሆን እንደ ትጉህ ንብ በንቃት እወቀት የሚመጠጥበት ነው።,<extra_id_0> አንቺ ተጋድመሽ እንዳሮጌ እርግብ አልጋላይ የምታጎላጂጂበት ማለት ሳይሆን እንደ ትጉህ ንብ በንቃት እወቀት የሚመጠጥበት ነው።
292,am,Who is this? አንተ ደግሞ የማነህ ዘረጦ ፈሳም? ፈታኝ ወቅትስ የትኛው ነው? አማራውና መከላከያው ውጊያ ሜዳ ላይ ሲውል ይህ ሚድያ የት,አንተ ምን እያልክ ነው ? ፈታኝ ወቅትስ የትኛው ነው? አማራውና መከላከያው ውጊያ ሜዳ ላይ ሲውል ይህ ሚድያ የት,ወቅትስ የትኛው ነው? አማራውና መከላከያው ውጊያ ሜዳ ላይ ሲውል ይህ ሚድያ የትኛው ነው? አማራውና መከላከያው ውጊያ ሜዳ ላይ ሲውል ይህ ሚድያ የትኛው ነው? አማራውና መከላከያው ውጊያ ሜዳ ላይ ሲውል ይህ ሚድያ የትኛው ነው? አማራውና መከላከያው ውጊያ ሜዳ ላይ ሲውል ይህ ሚድ
293,am,አንተ ደንቆሮ የሸርሙጣ ልጅ አህያ ቦዶ ጭንቅላት ዘረኛ የሴት ልጅ አቅምህን እውቅ እንዳ አንተ አይነቱ ተላላኪ ነው አገራችን እንዳትረጋጋ ያደረጋት ቆሻሻ,አቅምህን ብታውቅ ደህና ነው ፤ እናንተ ናችሁ ባንድ በኩል ሀገሪቱ እንዳትረጋጋ ያደረጋችኋት,ልጅ አቅምህን እውቅ እንዳ አንተ አይነቱ ተላላኪ ነው አገራችን እንዳትረጋጋ ያደረጋት ቆሻሻ
294,am,መተማ የአማራ ገበሬ ነው ድንበር ሲያስከብር የኖረው በወያኔ ዘመን ሱዳኖቹን ጥርሳቸውን እያለ እስካሁን አለ። የወያኔ ባንዳዎች ለሱዳን አግዘው ገበሬውን ሲገሉ፣ ክልሉን ሊሸጡ መረባረ,መተማ የአማራ ገበሬ ነው ድንበር መስከበር ስራ ለይ ሲሰተፍ  ኖረዋል።   በወያኔ ዘመን ከሱዳኖቹን ጋር እየተከከበበ ረ እስካሁን አለ።,ድንበር ሲያስከብር የኖረው በወያኔ ዘመን ሱዳኖቹን ጥርሳቸውን እያለ እስካሁን አለ። የወያኔ ባንዳዎች ለሱዳን አግዘው ገበሬውን ሲገሉ፣ ክልሉን ሊሸጡ መረባረ
295,am,ተስፋ አደርጋለሁ ብዬ ተስፋ አደርጋለሁ ሰይጣን ወደ አንተ ይደርሳል ብዬ ተስፋ አደርጋለሁ በሲኦል ውስጥ እንደበሰብስኩ እና በህይወትዎ ውስጥ ያሉ መልካም ነገሮች ሁሉ ከእርስዎ እንደተ,ተስፋ አደርጋለሁ ብዬ በሰረሁት መጥፎ ስራ እየተቀጠሁ እንደ ሆነ እና በህይወትዎ ውስጥ ያሉ መልካም ነገሮች,ሰይጣን ወደ አንተ ይደርሳል ብዬ ተስፋ አደርጋለሁ በሲኦል ውስጥ እንደበሰብስኩ እና በህይወትዎ ውስጥ ያሉ መልካም ነገሮች ሁሉ ከእርስዎ እንደተገለጸው ብዬ ተስፋ አደርጋለሁ በሲኦል ውስጥ እንደበሰብስኩ እና በህይወትዎ ውስጥ ያሉ መልካም ነገሮች ሁሉ ከእርስዎ እንደተደርጋለሁ በሲኦል ውስጥ እንደበሰብስኩ እና በህይወትዎ
296,am,አንድ ነገር ይገርመኛል ኑሮን ለማሸነፍ ነብሱን አሰይዞ በባህር አረብ ሀገር የገባውን ምሰኪን አሸባሪ ብሉ ሰቃዩንይሰቃይ ብሎ የፈረደበት የሀገር መሪ እንዴት ነው መሪ ይሆነኛል በየ,አንድ ነገር ይገርመኛል ኑሮን ለማሸነፍ ነብሱን አሰይዞ በባህር አረብ ሀገር የገባውን ምሰኪን አታስፈልግም ብሎ የረሳውን መሪ እንዴት ነው መሪ ይሆነኛል በየ,አንድ ነገር ይገርመኛል ኑሮን ለማሸነፍ ነብሱን አሰይዞ በባህር አረብ ሀገር የገባውን ምሰኪን አሸባሪ ብሎ የፈረደበት የሀገር መሪ እንዴት ነው መሪ ይሆነኛል በየ
297,am,አንቺ የውሻ ልጅ የሚሰረቅ ያለው በኢትዮጽያ ስም የተመዘገበ የሕዝብ ንብረት ነው። መሀይም,አንቺ የሚሰረቅ ያለው በኢትዮጽያ ስም የተመዘገበ የሕዝብ ንብረት ነው -አልገባሽም እንዴ,የውሻ ልጅ የሚሰረቅ ያለው በኢትዮጽያ ስም የተመዘገበ የሕዝብ ንብረት ነው።
298,am,ባለጌው  አንተ ክፉ ልክስክስ። ተመልሰህ ወጥተህ ይቅርታ ጠይቅ። ስሜታዊ ሆኜ ነው በል። እንደ አንተ ርካሽ ደግሞ አላየሁም። ሰላም  በጔደ,አንተ ስርአት የሌለህ ተመልሰህ ወጥተህ ይቅርታ ጠይቅ። ስሜታዊ ሆኜ ነው በል።,<extra_id_0> አንተ ክፉ ልክስክስ። ተመልሰህ ወጥተህ ይቅርታ ጠይቅ። ስሜታዊ ሆኜ ነው በል። እንደ አንተ ርካሽ ደግሞ አላየሁም። ሰላም በጔደ
299,am,አንቺ ምነው እንዲህ ቅጥል አልሽ የሰው ድምጽ ለማፈን ብለሽ ነው ደደብ ሂጅይ እዛ የህወሀት ቡችላ።,አንቺ በዚህ ደረጃ ልትበሳጪ አይገባም ሰውም ድምፁን በነፃነት ማሰማቱ ተገቢ ነው ፡፡,ምነው እንዲህ ቅጥል አልሽ የሰው ድምጽ ለማፈን ብለሽ ነው ደደብ ሂጅይ እዛ የህወሀት ቡችላ።
300,am,አንቺ ደደብ ስለ ሃገርሽ የምታስቢ ከሆነ ወሬሽን ከምትነፊ አንድ የዳቦ ለተራበው የትግራይ ምስኪኑ ህዝብ ብትረጅው ይሻላል,ስለ ሃገርሽ የምታስቢ ከሆነ ሌላ ነገር ትተሽ  አንድ የዳቦ ለተራበው የትግራይ ምስኪኑ ህዝብ ብትረጅው ይሻላል,<extra_id_0> አንቺ ደደብ ስለ ሃገርሽ የምታስቢ ከሆነ ወሬሽን ከምትነፊ አንድ የዳቦ ለተራበው የትግራይ ምስኪኑ ህዝብ ብትረጅው ይሻላል
301,am,እውነት ካለህ እኮ ምንም ኣግዙኝ እርዱኝ ማለት አያስፈልግም:: እዉነት ራሱ ይመሰክራል እና ነው:: ለእንዳንተ ዉሸት ቀለቡ ግን ዕዉነትም ሲነግሩት ኣይዋጥለጥም,እውነት ካለህ እኮ ምንም ሌላ ተጨማሪ እርዳታ መጠየቅ አያስፈልግም:: እዉነት ራሱ ይመሰክራል እና ነው:: በእውነት የማታምን ከሆነ ግን እውነትም ቢነግሩህ ላይዋጥልህ ይችላል፡፡,<extra_id_0> እዉነት ካለህ እኮ ምንም ኣግዙኝ እርዱኝ ማለት አያስፈልግም:: ለእንዳንተ ዉሸት ቀለቡ ግን ዕዉነትም ሲነግሩት ኣይዋጥለጥም
302,am,እራሱ ዛሬ ጠዋት ያየናትን ቀምሶ እንደማያወራ በምን እርግጠኛ መሆን ይቻላል???,የተለመደውን ነገር ቀምሶ እንደማያወራ በምን እርግጠኛ መሆን ይቻላል???,ዛሬ ጠዋት ያየናትን ቀምሶ እንደማያወራ በምን እርግጠኛ መሆን ይቻላል???
303,am,ባለጌ ነሽ ወይም ነህ መሰዳደብ ጉብዝና አይደለም  የቋንቋ ችግር ከሌለብሽ ወይ ከሌለብህ ትክክል ነው ያለው።ዘርንም መርጦ ማዘን ዘረኝነ,ስርአት ካለህ/ካለሽ ፀያፍ ቃልን መለዋወጥ ጉብዝና አይደለም የቋንቋ ችግር ከሌለብሽ ወይ ከሌለብህ ትክክል ነው ያለው።,ወይም ነህ መሰዳደብ ጉብዝና አይደለም የቋንቋ ችግር ከሌለብሽ ወይ ከሌለብህ ትክክል ነው ያለው።ዘርንም መርጦ ማዘን ዘረኝነ
304,am,Nati fake ጎንደሬ ነች ወይ ወያኔን እና አስተሳሰቧን አያወግዝ ዝም ብላ በአዴን ላይ ፊጥ ትላለች ወያኔ እና ዘመዶቹ እንደፍለጉ ሲያረጉት የነበረውን ከአማራ ግዛት ጥቅም ስለቀራ,ጎንደሬ ነች ወይ ወያኔን እና አስተሳሰቧን  ዝም ብላ በአዴን ላይ ትጥለለች ። ወያኔ እና ዘመዶቹ እንደፍለጉ ሲያረጉት የነበረውን  ጥቅም ስለቀራባት ነው,ዝም ብላ በአዴን ላይ ፊጥ ትላለች ወያኔ እና ዘመዶቹ እንደፍለጉ ሲያረጉት ነበረውን ከአማራ ግዛት ጥቅም ስለቀራ
305,am,ውሾች የማንም ወሮበሎች ከገደሉ መንግሥት ነው ማለት ምን ማለት ነው አንተም ተጨመር ደደብ።,ሌሎች በፈፀሙት ጥቃት መንግሥትን መውቀሰ አይገባም::,ውሾች የማንም ወሮበሎች ከገደሉ መንግሥት ነው ማለት ምን ማለት ነው አንተም ተጨመር ደደብ።
306,am,የጅል ክርክሩ ውስጥ ኮ ሌላ ስም ፕሮፖስ በማድረግ ራስህን መዶል ብቻ ሳይሆን ዙሩንም አከረርከው - ሰላም ሚንስትር ስታይል conflict resolution,ክርክሩ ውስጥ ኮ ሌላ ስም ፕሮፖስ በማድረግ ራስህን ማስገባት ብቻ ሳይሆን ዙሩንም አከረርከው - ሰላም ሚንስትር ስታይል,<extra_id_0> የጅል ክርክሩ ውስጥ ኮ ሌላ ስም ፕሮፖስ በማድረግ ራስህን መዶል ብቻ ሳይሆን ዙሩንም አከረርከው - ሰላም ሚንስትር ስታይል conflict resolution
307,am,አንተ ደንቆሮ የጠንቋይ ልጅ ጠላታችን እንደሆንክ ኣስተምረን እንነቃቸዋለን።,ወደጅ እንደልሆንን ኣስተምረን እንነቃቸዋለን።,ደንቆሮ የጠንቋይ ልጅ ጠላታችን እንደሆንክ ኣስተምረን እንነቃቸዋለን።
308,am,ዶ/ር ዐቢይን በመግደል ጠ/ርነትን ለመቆናጠጥ የሚያልም የቀን ጅብ እንዴት ጅል ነው ወዳጆቼ,በሀይል ጠቅላይሚኒስቴር ለመሆን ማሰብ አርቆ አለማሰብን ያሳያል፡፡,ዶ/ር ዐቢይን በመግደል ጠ/ርነትን ለመቆናጠጥ የሚያልም የቀን ጅብ እንዴት ጅል ነው ወዳጆቼ
309,am,ለአማራ ህዝብ ከፕ/ር አስራት ቀጥሎ በማይተናነስ ብ/ጀ አሳምነው አለኝታ እንደነበሩ መታወስ አለበት:: ተተኪው ዘረኛ የአብይ መንግስት አማራን የማዳከም ተልዕኮ ሲፈጽም በዝምታ መታይት አይገባውም::,ለአማራ ህዝብ ከፕ/ር አስራት ቀጥሎ በማይተናነስ ብ/ጀ አሳምነው አለኝታ እንደነበሩ መታወስ አለበት:: ተተኪው ትውልድ አማራን የማዳከም ስራ የሚሰሩትን  በዝምታ መየት አይገባውም::,አማራን የማዳከም ተልዕኮ ሲፈጽም መታወስ አለበት:: ተተኪው ዘረኛ የአብይ መንግስት አማራን የማዳከም ተልዕኮ ሲፈጽም መታወስ አለበት:: ተተኪው ዘረኛ የአብይ መንግስት አማራን የማዳከም ተልዕኮ ሲፈጽም መታወስ አለበት:: ተተኪው ዘረኛ የአብይ መንግስት አማራን የማዳከም ተልዕኮ ሲፈጽም መታወስ አለበት::
310,am,ከናንተ እንካን ጥሩ አንጠብቅም ግን ሰው ከሆንክ ትንሽ ሰብኣዊነት ካለህ ድምጽ እንካን ባትሆነን አፍህ,ካንተ ብዙ ባልጠብቅም ቢያንስ በሰብአዊነት ድምፅ እንኳን መሆን ባትችል ተቃውሞ አያስፈልግም,<extra_id_0> ከናንተ እንካን ጥሩ አንጠብቅም ግን ሰው ከሆንክ ትንሽ ሰብኣዊነት ካለህ ድምጽ እንካን ባትሆነን አፍህ
311,am,እኔ እያሰብኩ ያለሁት እንደ መንጌ ሽሉክ ብለህ እንዳታመልጥብን ብቻ ነው::,አንዳንድ ጊዜ እንደመንጌ ድንገት ተነስተህ ልትሄድ እንደምትችል አስባለሁ,<extra_id_0> እኔ እያሰብኩ ያለ ያለው እንደ መንጌ ሽሉክ ብለህ እንዳታመልጥብን ብቻ ነው::
312,am,ምን እገባሽ እዚያው የአረብ ባርነትሽ ይቀብርሻል ባንዳን ተጠቅመው ነው የሚቀብሩት ይሆም እውነት የማይቀር ነው::,ይኸ አንቺን አይመለከትም እዚያው አረብ ሀገር ስራሽን ስሪ,ምን እገባሽ እዚያው የአረብ ባርነትሽ ይቀብርሻል ባንዳን ተጠቅመው ነው የሚቀብሩት ይሆም እውነት የማይቀር ነው
313,am,ማኅበረ ቅዱሳን እንቅልፍ ነሳህ አይደል? ወያኔም በጊዜው አልቻለውም። መሰረቱ አለት ነው አሸዋ አይደለም።,ማኅበረ ቅዱሳን አሳሰበህ አይደል? ህወሀትም በጊዜው አልቻለውም። መሰረቱ አለት ነው አሸዋ አይደለም።,ወያኔም በጊዜው አልቻለውም። መሰረቱ አለት ነው አሸዋ አይደለም።
314,am,በንጹሃን ደም መቀለድ ውጤቱ መጥፋት ነው። የክፋት ጥጉ መጥፋት ነው። ንጹሃን እንዲታረዱ ያደረግኸው ሴራ ጠልፎ ሊጥልህ እደጅህ ቆሟል።,በንጹሃን ደም መቀለድ ውጤቱ መጥፋት ነው። በየቦታው ወድቀው የቀሩት ንፁኀን  ሕይወት በቅርቡ ከፈጣሪ የስራህን ያሰጥሀል,ንጹሃን እንዲታረዱ ያደረግኸው ሴራ ጠልፎ ሊጥልህ እደጅህ ቆሟል።
315,am,በፍጹም። አንድ ነገር ልጠይቅህ አብይ አህድ ቡዙነገር ሲተነትን አፍ ያስከፍታል። እንዴት ነው ግን የዚህ ሁሉ ህዝብ እልቂት እንደሰው እማያስቆጣው? ማስቆም እንኳ ባይ,አንድ ነገር ልጠይቅህ አብይ አህድ ቡዙነገር ሲተነትን ቀላል የማይባል አድማጭ አለው። እንዴት ነው ግን የዚህ ሁሉ ህዝብ እልቂት እንደሰው እማያስቆጣው? ማስቆም እንኳ ባይ,አንድ ነገር ልጠይቅህ አብይ አህድ ቡዙነገር ሲተነትን አፍ ያስከፍታል። እንዴት ነው ግን የዚህ ሁሉ ህዝብ እልቂት እንደሰው እማያስቆጣው? ማስቆም እንኳ ባይ
316,am,እሱን የፈጠረች ያልታደለች እናት አረመኔ ሰው ትፍጠር ??,ልበ ደንዳና የሆነ ሰው የእሱ ወላጅ መሆንም ያሳዝናል,<extra_id_0>ሱን ፈጠረች ያልታለች እናት አረመኔ ሰው ትፍጠር ??
317,am,እንዳንተ አይነቱ ተማርኩ የሚል ገልቱ ነው አገር ሚበጠብጠው,አንዳንደ ተማርን የሚሉ ሰዎች ሀገር ሲበተብጡ ይታያሉ,<extra_id_0> አገር ሚበጠብጠው
318,am,እናትህ አንተ ጋድሚያ ተነስ ልትበቅል ነው እንዴ ስትል እንደመስማት Blessing የለም ??,እናትህ አንተ ተነስ እንጂ  ልትበቅል ነው እንዴ ስትል እንደመስማት Blessing የለም ??,<extra_id_0> አንተ ጋድሚያ ተነስ ልትበቅል ነው እንዴ ስትል እንደመስማት Blessing የለም ??
319,am,አንቺ ገረድ : ሸታታ አንችን ብሎ ፀሓፊ  መጀመሪያ ንፅህናሽን ጠብቂ : ውዳቂ ።,አንችን ብሎ ፀሓፊ መጀመሪያ እራስሽን ጠብቂ :,ሸታታ አንችን ብሎ ፀሓፊ መጀመሪያ ንፅህናሽን ጠብቂ : ውዳቂ ።
320,zh,民主党搞的和平演变路线，说白了就是葵花宝典。现在美国国内也是一堆女权主义、黑命贵的政治正确。把自己切了让别人死。典型的又蠢又坏。但是你不防还真不行。不防真容易死。,民主党搞的和平演变路线，说白了就是葵花宝典。现在美国国内也是一堆女权主义、重视黑人生命的政治正确。把自己切了让别人死。典型的又不明智又坏。但是你不防还真不行。不防真容易死。,"民主党搞的和平演变路线,说白了就是葵花宝典。现在美国国内也是一堆女权主义、黑命贵的政治正确。把自己切了让别人死。典型的又蠢又坏。但是你不防还真不行。不防真容易死。"
321,zh,跑到反同群里面开盒，真的是狗啊,跑到对反对性少数群体的群里面开盒，真的不太好啊,"跑到反同群里面开盒,真的是狗啊"
322,zh,女拳***,极端女权主义者***,女拳***
323,zh,但事实上，大部分都是找个接盘的，这也就罢了，到最后接盘住了，他们还不安生，各种乱搞，这才是最让人觉得恶心的,但事实上，大部分都是找个接盘的，这也就罢了，到最后接盘住了，他们还不安生，各种行为不检点，这才是最让人觉得不舒服的,"但事实上,大部分都是找个接盘的,这也就罢了,到最后接盘住了,他们还不安生,各种乱搞,这才是最让人觉得恶心的"
324,zh,这就是慕勾正常人谁和蝈蝻结婚啊,这就是让我反感的女性正常人谁和国内男性结婚啊,这就是慕勾正常人谁和真人蝻结婚啊
325,zh,如果不驱除这黑虫到时候全是这样的小黑虫说自己是汉人是华夏子孙,如果不驱除这让我不喜欢的黑人到时候全是这样的黑人小孩说自己是汉人是华夏子孙,如果不驱除这黑虫到时候全是这样的小黑虫说自己是汉人是华夏子孙
326,zh,艾滋，滥交，犯罪，吸毒贩毒，粘上一样非死即伤。有交往就有潜在风险，大家都是正常人，趋利避害是本能。希望大家努力，打击默的生存空间，让社会光明一点。,艾滋，滥交，犯罪，吸毒贩毒，粘上一样非死即伤。有交往就有潜在风险，大家都是正常人，趋利避害是本能。希望大家努力，打击某些让我不喜欢的黑种人的生存空间，让社会光明一点。,"艾滋,滥交,犯罪,吸毒贩毒,粘上一样非死即伤。有交往就有潜在风险,大家都是正常人,趋利避害是本能。希望大家努力,打击默的生存空间让社会光明一点。"
327,zh,说的是那些普信的直男，也不算无差别攻击吧,说的是那些没有自知之明的直男，也不算无差别攻击吧,"说的是那些普信的直男,也不算无差别攻击吧"
328,zh,说得好听，你们别赶上去倒贴默啊,说得好听，你们别赶上去倒贴黑人啊,"说得好听,你们别赶上去倒贴默啊"
329,zh,op沙軟罢了,op不明智罢了,<extra_id_0>
330,zh,她们才是普信女,她们才是没有自知之明的女性,她们才是普信女
331,zh,上小网站看看视频。黑男黄女一大堆，铺天盖地。但是黄男黑女你能找到吗！你喜欢玩人猿泰山是你的事！别扯那么远好吗！,上小网站看看视频。个人感觉黑皮肤男性黄皮肤女性一大堆，铺天盖地。但是黑皮肤男性黄皮肤女性相对较少！你喜欢和黑人有所接触是你的事！别扯那么远好吗！,"上小网站看看视频。黑男黄女一大堆,铺天盖地。但是黄男黑女你能找到吗!你喜欢玩人猿泰山是你的事!别扯那么远好吗!"
332,zh,所以大家要团结起来对付这帮地域黑喷子，而不是黑不到自己时就成为帮凶??,所以大家要团结起来对付这帮言语攻击他人的地域黑，而不是黑不到自己时就成为帮凶??,"所以大家要团结起来对付这帮地域黑喷子,而不是黑不到自己时就成为帮凶??"
333,zh,幕刃这智商也是服了，自己妈妈说大实话不听，听网上的人吹牛逼,令我反感的女性这智商也是服了，自己妈妈说大实话不听，听网上的人吹牛逼,"幕刃这智商也是服了,自己妈妈说大实话不听,听网上的人吹牛逼"
334,zh,孽畜，还不快快现形！~,行为恶劣的人，还不快快展现真实面貌！~,"孽畜,还不快快现形!~"
335,zh,喜欢黑女的很少很少，你说得绝对是极极个例。,我认为喜欢黑人女性的很少很少，你说得绝对是极极个例。,"喜欢黑女的很少很少,你说得绝对是极极个例。"
336,zh,舔狗龜男比拳師更可恨,单方面付出的卑微男性比极端的性别平等倡导者更可恨,舔狗龜男比拳師更可恨
337,zh,现实里女拳没网上猖狂可以了,现实里极端女权主义者没网上猖狂可以了,现实里女拳没网上猖狂可以了
338,zh,这片恶心的是结尾给女主洗白了，因为小时候被老妈情人侵犯，跑路致残，渴望爱情，所以才诬陷男主，,这片让我感到不适的是结尾给女主洗白了，因为小时候被老妈情人侵犯，跑路致残，渴望爱情，所以才诬陷男主，,"这片恶心的是结尾给女主洗白了,因为小时候被老妈情人侵犯,跑路致残,渴望爱情,所以才诬陷男主,"
339,zh,急了急了，就会这两句？看你评论全是黑南方的，估计智商也高不到哪里去,急了急了，就会这两句？看你评论全是黑南方的，估计也明智不到哪里去,"急了急了,就会这两句?看你评论全是黑南方的,估计智商也高不到哪里去"
340,zh,笑到肚子痛了！真想问谁教养他做基佬，真丢人,笑到肚子痛了！真想问谁教养他做男同性恋，真让我感到不太合适,"笑到肚子痛了!真想问谁教养他做基佬,真丢人"
341,zh,从小这个基佬就N待小动物，果然是变太,从小这个男同性恋就N待小动物，果然是异于其他大部分人,"从小这个基佬就N待小动物,果然是变太"
342,zh,教课书一样的普信女,教课书一样的没有自知之明的女性,教课书一样的普信女
343,zh,拼生孩子还真拼不过，国男喜欢养孩子，默从来不养，怀了就跑路，,拼生孩子还真拼不过，国男喜欢养孩子，黑人从来不养，怀了就跑路，,"拼生孩子还真拼不过,国男喜欢养孩子,默从来不养,怀了就跑路,"
344,zh,货拉拉司机无罪判一年，小仙女鲨人未遂判四个月,货拉拉司机无罪判一年，这位行为极端的女性鲨人未遂判四个月,"货拉拉司机无罪判一年,小仙女鲨人未遂判四个月"
345,zh,像郑若璘和潘庆林和吴宗宪等等等一大批非常多民族豪杰都在反国际鬼子虫类及其它们后代虫混这些入寝社会的入寝者可是这些人在跪虫族眼里基本上都是键盘侠,像郑若璘和潘庆林和吴宗宪等等等一大批非常多民族豪杰都在反外国人及其它们后代混血儿这些后来进入社会的外来者可是这些人在崇洋族眼里基本上都是键盘侠,像郑若璘和潘庆林和吴宗宪等等等一大批非常多民族豪杰都在反国际鬼子虫类及其它们后代虫混这些入寝社会的入寝者可是这些人在跪虫族眼里基本上都是键盘侠
346,zh,阿三不比黑哥干净多了？??,印度人不比黑人更注重个人卫生吗？??,<extra_id_0>阿三不比干净多了阿三不比干净多了
347,zh,新群，一起爆杀小仙女啊,新群，一起与极端的自我感觉过于良好的女性争论啊,<extra_id_0>一起一起杀仙啊
348,zh,捅的好，应该虐杀幕刃,捅的好，应该**这个女性,"捅的好,应该虐杀幕刃"
349,zh,衡水就是贱啊，就是没人性,衡水就是让人感到不喜欢啊，就是没人性,"衡水就是贱啊,就是没人性"
350,zh,既得利益者可真是笑死我了，得利的也就少数上流社会，底层打工人过得还不如卖啤的女的,既得利益者可真是笑死我了，得利的也就少数上流社会，我认为底层打工人过得还不如女性性工作者,"既得利益者可真是笑死我了,得利的也就少数上流社会,底层打工人过得还不如卖啤的女的"
351,zh,这种问题我也不知道该咋说了，就像我觉的阿莱克丝塔萨漂亮，可是偏偏有人觉得浩克漂亮。。男同属于后者。。,这种问题我也不知道该咋说了，就像我觉的阿莱克丝塔萨漂亮，可是偏偏有人觉得浩克漂亮。。有些男同性恋属于后者。。,"这种问题我也不知道该咋说了,就像我觉的阿莱克丝塔萨漂亮,可是偏偏有人觉得浩克漂亮。。男同属于后者。。"
352,zh,大风起兮云飞扬，安得猛士兮守四方，嘿畜，任何时候都要剿，不剿不行,大风起兮云飞扬，安得猛士兮守四方，黑人，个人认为任何时候都要受到一定惩罚，不惩罚不行,"大风起兮云飞扬,安得猛士兮守四方,嘿畜,任何时候都要剿,不剿不行"
353,zh,请视说这种人为弱智,请视说这种人为不明智的人,请视说这种人为弱智
354,zh,什么硅南，能不能死一死？,什么懦弱的男性，能不能消失？,"什么硅南,能不能死一死?"
355,zh,我特烦一张嘴就这事不关你事的人，管天管地管的着别人怎么看？照你的理论，批判这些人也不关你事啊？你废什么话？,我特烦一张嘴就这事不关你事的人，管天管地管的着别人怎么看？照你的理论，批判这些人也不关你事啊？你说什么没用的话？,"我特烦一张嘴就这事不关你事的人,管天管地管的着别人怎么看?照你的理论,批判这些人也不关你事啊?你废什么话?"
356,zh,可黒鬼智商确实不行啊??,可我个人认为黒人智商确实不行啊??,可黒鬼智商确实不行啊??
357,zh,我们南方是除了自己和精神故乡谁都黑，要不你把祖籍报过来小偷还是龙鸣我保证能给你安上一个（不会是弯弯吧，那除外）,我们南方某些人是除了自己和精神故乡谁都黑，要不你把祖籍报过来河南人还是川渝人我保证能给你安上一个（不会是台湾人吧，那除外）,"我们南方是除了自己和精神故乡谁都黑,要不你把祖籍报过来小偷还是龙鸣我保证能给你安上一个(不会是弯弯吧,那除外)"
358,zh,粿籹凌迟就完事,我不喜欢的国内女性付出代价就完事,粿 平静就完事
359,zh,全部共同特点：太丑了,全部共同特点：太不符合我个人的审美了,全部共同特点:太丑了
